ablation,orig_len,edit_len,n_residues_changed,abs_delta_mean,orig_toughness,edit_toughness,delta_toughness,orig_toughness_sd,edit_toughness_sd,delta_toughness_sd,orig_E,edit_E,delta_E,orig_E_sd,edit_E_sd,delta_E_sd,orig_strength,edit_strength,delta_strength,orig_strength_sd,edit_strength_sd,delta_strength_sd,orig_strain,edit_strain,delta_strain,orig_strain_sd,edit_strain_sd,delta_strain_sd,sequence_index
shuffle,387,387,387,0.12337499999999998,0.252,0.234,-0.017999999999999988,0.274,0.23,-0.04400000000000001,0.282,0.173,-0.10899999999999999,0.147,0.027,-0.12,0.326,0.114,-0.21200000000000002,0.304,0.089,-0.215,0.262,0.42,0.15799999999999997,0.257,0.368,0.11099999999999999,0
shuffle_blocks,387,387,387,0.155125,0.252,0.395,0.14300000000000002,0.274,0.615,0.34099999999999997,0.282,0.15,-0.13199999999999998,0.147,0.196,0.049000000000000016,0.326,0.513,0.187,0.304,0.506,0.202,0.262,0.316,0.05399999999999999,0.257,0.39,0.133,0
reverse,387,387,387,0.11049999999999999,0.252,0.291,0.03899999999999998,0.274,0.43,0.15599999999999997,0.282,0.32,0.038000000000000034,0.147,0.398,0.251,0.326,0.348,0.021999999999999964,0.304,0.582,0.27799999999999997,0.262,0.214,-0.048000000000000015,0.257,0.309,0.05199999999999999,0
knockout_polyA,387,372,15,0.016375000000000004,0.252,0.252,0.0,0.274,0.274,0.0,0.282,0.282,0.0,0.147,0.147,0.0,0.326,0.342,0.016000000000000014,0.304,0.241,-0.063,0.262,0.21,-0.05200000000000002,0.257,0.257,0.0,0
scattered_control_polyA,387,372,15,0.05925,0.252,0.294,0.04199999999999998,0.274,0.207,-0.06700000000000003,0.282,0.159,-0.12299999999999997,0.147,0.14,-0.0069999999999999785,0.326,0.282,-0.04400000000000004,0.304,0.147,-0.157,0.262,0.266,0.0040000000000000036,0.257,0.287,0.02999999999999997,0
block_control_polyA,387,372,15,0.11049999999999999,0.252,0.291,0.03899999999999998,0.274,0.43,0.15599999999999997,0.282,0.32,0.038000000000000034,0.147,0.398,0.251,0.326,0.348,0.021999999999999964,0.304,0.582,0.27799999999999997,0.262,0.214,-0.048000000000000015,0.257,0.309,0.05199999999999999,0
substitute_polyA,387,387,15,0.012375000000000004,0.252,0.252,0.0,0.274,0.274,0.0,0.282,0.282,0.0,0.147,0.147,0.0,0.326,0.326,0.0,0.304,0.382,0.07800000000000001,0.262,0.275,0.013000000000000012,0.257,0.265,0.008000000000000007,0
knockout_GGX,387,300,87,0.07900000000000001,0.252,0.27,0.018000000000000016,0.274,0.178,-0.09600000000000003,0.282,0.326,0.04400000000000004,0.147,0.336,0.18900000000000003,0.326,0.301,-0.025000000000000022,0.304,0.127,-0.177,0.262,0.26,-0.0020000000000000018,0.257,0.338,0.08100000000000002,0
scattered_control_GGX,387,300,87,0.11049999999999999,0.252,0.291,0.03899999999999998,0.274,0.43,0.15599999999999997,0.282,0.32,0.038000000000000034,0.147,0.398,0.251,0.326,0.348,0.021999999999999964,0.304,0.582,0.27799999999999997,0.262,0.214,-0.048000000000000015,0.257,0.309,0.05199999999999999,0
block_control_GGX,387,300,87,0.0,0.252,0.252,0.0,0.274,0.274,0.0,0.282,0.282,0.0,0.147,0.147,0.0,0.326,0.326,0.0,0.304,0.304,0.0,0.262,0.262,0.0,0.257,0.257,0.0,0
substitute_GGX,387,387,87,0.090625,0.252,0.2,-0.05199999999999999,0.274,0.141,-0.13300000000000003,0.282,0.153,-0.12899999999999998,0.147,0.122,-0.024999999999999994,0.326,0.288,-0.038000000000000034,0.304,0.127,-0.177,0.262,0.264,0.0020000000000000018,0.257,0.088,-0.169,0
termini_only,387,230,157,0.247,0.252,0.213,-0.03900000000000001,0.274,0.2,-0.07400000000000001,0.282,0.648,0.36600000000000005,0.147,0.938,0.7909999999999999,0.326,0.478,0.15199999999999997,0.304,0.443,0.139,0.262,0.075,-0.187,0.257,0.029,-0.228,0
core_only,387,157,230,0.12975,0.252,0.075,-0.177,0.274,0.104,-0.17000000000000004,0.282,0.06,-0.22199999999999998,0.147,0.04,-0.10699999999999998,0.326,0.117,-0.20900000000000002,0.304,0.228,-0.07599999999999998,0.262,0.193,-0.069,0.257,0.265,0.008000000000000007,0
random_matched,387,387,387,0.060375,0.252,0.314,0.062,0.274,0.252,-0.02200000000000002,0.282,0.242,-0.03999999999999998,0.147,0.258,0.11100000000000002,0.326,0.377,0.05099999999999999,0.304,0.43,0.126,0.262,0.318,0.055999999999999994,0.257,0.272,0.015000000000000013,0
point_mutation,387,387,1,0.0,0.252,0.252,0.0,0.274,0.274,0.0,0.282,0.282,0.0,0.147,0.147,0.0,0.326,0.326,0.0,0.304,0.304,0.0,0.262,0.262,0.0,0.257,0.257,0.0,0
shuffle,269,269,269,0.07275000000000001,0.27,0.262,-0.008000000000000007,0.178,0.133,-0.044999999999999984,0.326,0.213,-0.11300000000000002,0.336,0.119,-0.21700000000000003,0.301,0.234,-0.06699999999999998,0.127,0.076,-0.051000000000000004,0.26,0.268,0.008000000000000007,0.338,0.265,-0.07300000000000001,1
shuffle_blocks,269,269,269,0.11475,0.27,0.291,0.020999999999999963,0.178,0.43,0.252,0.326,0.32,-0.006000000000000005,0.336,0.398,0.062,0.301,0.348,0.046999999999999986,0.127,0.582,0.45499999999999996,0.26,0.214,-0.04600000000000001,0.338,0.309,-0.029000000000000026,1
reverse,269,269,269,0.11475,0.27,0.291,0.020999999999999963,0.178,0.43,0.252,0.326,0.32,-0.006000000000000005,0.336,0.398,0.062,0.301,0.348,0.046999999999999986,0.127,0.582,0.45499999999999996,0.26,0.214,-0.04600000000000001,0.338,0.309,-0.029000000000000026,1
knockout_polyA,269,227,42,0.0,0.27,0.27,0.0,0.178,0.178,0.0,0.326,0.326,0.0,0.336,0.336,0.0,0.301,0.301,0.0,0.127,0.127,0.0,0.26,0.26,0.0,0.338,0.338,0.0,1
scattered_control_polyA,269,227,42,0.11174999999999999,0.27,0.369,0.09899999999999998,0.178,0.348,0.16999999999999998,0.326,0.225,-0.101,0.336,0.151,-0.18500000000000003,0.301,0.272,-0.02899999999999997,0.127,0.215,0.088,0.26,0.453,0.193,0.338,0.309,-0.029000000000000026,1
block_control_polyA,269,227,42,0.0002500000000000002,0.27,0.27,0.0,0.178,0.178,0.0,0.326,0.326,0.0,0.336,0.336,0.0,0.301,0.301,0.0,0.127,0.127,0.0,0.26,0.26,0.0,0.338,0.336,-0.0020000000000000018,1
substitute_polyA,269,269,42,0.0,0.27,0.27,0.0,0.178,0.178,0.0,0.326,0.326,0.0,0.336,0.336,0.0,0.301,0.301,0.0,0.127,0.127,0.0,0.26,0.26,0.0,0.338,0.338,0.0,1
knockout_GGX,269,200,69,0.0,0.27,0.27,0.0,0.178,0.178,0.0,0.326,0.326,0.0,0.336,0.336,0.0,0.301,0.301,0.0,0.127,0.127,0.0,0.26,0.26,0.0,0.338,0.338,0.0,1
scattered_control_GGX,269,200,69,0.11475,0.27,0.291,0.020999999999999963,0.178,0.43,0.252,0.326,0.32,-0.006000000000000005,0.336,0.398,0.062,0.301,0.348,0.046999999999999986,0.127,0.582,0.45499999999999996,0.26,0.214,-0.04600000000000001,0.338,0.309,-0.029000000000000026,1
block_control_GGX,269,200,69,0.0002500000000000002,0.27,0.27,0.0,0.178,0.178,0.0,0.326,0.326,0.0,0.336,0.336,0.0,0.301,0.301,0.0,0.127,0.127,0.0,0.26,0.26,0.0,0.338,0.336,-0.0020000000000000018,1
substitute_GGX,269,269,69,0.030374999999999992,0.27,0.27,0.0,0.178,0.178,0.0,0.326,0.496,0.16999999999999998,0.336,0.364,0.02799999999999997,0.301,0.316,0.015000000000000013,0.127,0.127,0.0,0.26,0.266,0.006000000000000005,0.338,0.362,0.023999999999999966,1
termini_only,269,230,39,0.0,0.27,0.27,0.0,0.178,0.178,0.0,0.326,0.326,0.0,0.336,0.336,0.0,0.301,0.301,0.0,0.127,0.127,0.0,0.26,0.26,0.0,0.338,0.338,0.0,1
core_only,269,39,230,0.045875000000000006,0.27,0.262,-0.008000000000000007,0.178,0.259,0.08100000000000002,0.326,0.265,-0.061,0.336,0.274,-0.062,0.301,0.253,-0.04799999999999999,0.127,0.127,0.0,0.26,0.241,-0.019000000000000017,0.338,0.25,-0.08800000000000002,1
random_matched,269,269,269,0.097875,0.27,0.314,0.043999999999999984,0.178,0.252,0.07400000000000001,0.326,0.242,-0.08400000000000002,0.336,0.258,-0.07800000000000001,0.301,0.377,0.07600000000000001,0.127,0.43,0.303,0.26,0.318,0.057999999999999996,0.338,0.272,-0.066,1
point_mutation,269,269,1,0.0,0.27,0.27,0.0,0.178,0.178,0.0,0.326,0.326,0.0,0.336,0.336,0.0,0.301,0.301,0.0,0.127,0.127,0.0,0.26,0.26,0.0,0.338,0.338,0.0,1
shuffle,290,290,290,0.10275000000000001,0.405,0.356,-0.049000000000000044,0.57,0.356,-0.21399999999999997,0.206,0.372,0.166,0.147,0.228,0.08100000000000002,0.364,0.462,0.09800000000000003,0.203,0.051,-0.15200000000000002,0.262,0.237,-0.025000000000000022,0.404,0.441,0.03699999999999998,2
shuffle_blocks,290,290,290,0.338875,0.405,0.213,-0.19200000000000003,0.57,0.2,-0.36999999999999994,0.206,0.648,0.44200000000000006,0.147,0.938,0.7909999999999999,0.364,0.478,0.11399999999999999,0.203,0.443,0.24,0.262,0.075,-0.187,0.404,0.029,-0.375,2
reverse,290,290,290,0.05475,0.405,0.361,-0.04400000000000004,0.57,0.511,-0.05899999999999994,0.206,0.342,0.13600000000000004,0.147,0.166,0.019000000000000017,0.364,0.443,0.07900000000000001,0.203,0.304,0.10099999999999998,0.262,0.262,0.0,0.404,0.404,0.0,2
knockout_polyA,290,262,28,0.338875,0.405,0.213,-0.19200000000000003,0.57,0.2,-0.36999999999999994,0.206,0.648,0.44200000000000006,0.147,0.938,0.7909999999999999,0.364,0.478,0.11399999999999999,0.203,0.443,0.24,0.262,0.075,-0.187,0.404,0.029,-0.375,2
scattered_control_polyA,290,262,28,0.127125,0.405,0.262,-0.14300000000000002,0.57,0.133,-0.43699999999999994,0.206,0.213,0.007000000000000006,0.147,0.119,-0.027999999999999997,0.364,0.234,-0.12999999999999998,0.203,0.076,-0.127,0.262,0.268,0.006000000000000005,0.404,0.265,-0.139,2
block_control_polyA,290,262,28,0.11287499999999999,0.405,0.205,-0.20000000000000004,0.57,0.17,-0.3999999999999999,0.206,0.165,-0.04099999999999998,0.147,0.136,-0.010999999999999982,0.364,0.275,-0.08899999999999997,0.203,0.177,-0.026000000000000023,0.262,0.266,0.0040000000000000036,0.404,0.272,-0.132,2
substitute_polyA,290,290,28,0.11287499999999999,0.405,0.205,-0.20000000000000004,0.57,0.17,-0.3999999999999999,0.206,0.165,-0.04099999999999998,0.147,0.136,-0.010999999999999982,0.364,0.275,-0.08899999999999997,0.203,0.177,-0.026000000000000023,0.262,0.266,0.0040000000000000036,0.404,0.272,-0.132,2
knockout_GGX,290,251,39,0.11287499999999999,0.405,0.205,-0.20000000000000004,0.57,0.17,-0.3999999999999999,0.206,0.165,-0.04099999999999998,0.147,0.136,-0.010999999999999982,0.364,0.275,-0.08899999999999997,0.203,0.177,-0.026000000000000023,0.262,0.266,0.0040000000000000036,0.404,0.272,-0.132,2
scattered_control_GGX,290,251,39,0.127125,0.405,0.262,-0.14300000000000002,0.57,0.133,-0.43699999999999994,0.206,0.213,0.007000000000000006,0.147,0.119,-0.027999999999999997,0.364,0.234,-0.12999999999999998,0.203,0.076,-0.127,0.262,0.268,0.006000000000000005,0.404,0.265,-0.139,2
block_control_GGX,290,251,39,0.16612499999999997,0.405,0.27,-0.135,0.57,0.178,-0.39199999999999996,0.206,0.462,0.256,0.147,0.636,0.489,0.364,0.356,-0.008000000000000007,0.203,0.203,0.0,0.262,0.266,0.0040000000000000036,0.404,0.449,0.044999999999999984,2
substitute_GGX,290,290,39,0.11287499999999999,0.405,0.205,-0.20000000000000004,0.57,0.17,-0.3999999999999999,0.206,0.165,-0.04099999999999998,0.147,0.136,-0.010999999999999982,0.364,0.275,-0.08899999999999997,0.203,0.177,-0.026000000000000023,0.262,0.266,0.0040000000000000036,0.404,0.272,-0.132,2
knockout_GPGXX,290,215,75,0.127125,0.405,0.262,-0.14300000000000002,0.57,0.133,-0.43699999999999994,0.206,0.213,0.007000000000000006,0.147,0.119,-0.027999999999999997,0.364,0.234,-0.12999999999999998,0.203,0.076,-0.127,0.262,0.268,0.006000000000000005,0.404,0.265,-0.139,2
scattered_control_GPGXX,290,215,75,0.083875,0.405,0.369,-0.03600000000000003,0.57,0.348,-0.22199999999999998,0.206,0.225,0.019000000000000017,0.147,0.151,0.0040000000000000036,0.364,0.272,-0.09199999999999997,0.203,0.215,0.011999999999999983,0.262,0.453,0.191,0.404,0.309,-0.09500000000000003,2
block_control_GPGXX,290,215,75,0.130625,0.405,0.27,-0.135,0.57,0.178,-0.39199999999999996,0.206,0.326,0.12000000000000002,0.147,0.336,0.18900000000000003,0.364,0.301,-0.063,0.203,0.127,-0.07600000000000001,0.262,0.26,-0.0020000000000000018,0.404,0.336,-0.068,2
substitute_GPGXX,290,290,75,0.18687499999999999,0.405,0.608,0.20299999999999996,0.57,0.726,0.15600000000000003,0.206,0.236,0.03,0.147,0.353,0.206,0.364,0.278,-0.08599999999999997,0.203,0.354,0.15099999999999997,0.262,0.607,0.345,0.404,0.722,0.31799999999999995,2
termini_only,290,230,60,0.127125,0.405,0.262,-0.14300000000000002,0.57,0.133,-0.43699999999999994,0.206,0.213,0.007000000000000006,0.147,0.119,-0.027999999999999997,0.364,0.234,-0.12999999999999998,0.203,0.076,-0.127,0.262,0.268,0.006000000000000005,0.404,0.265,-0.139,2
core_only,290,60,230,0.10049999999999999,0.405,0.374,-0.031000000000000028,0.57,0.333,-0.23699999999999993,0.206,0.124,-0.08199999999999999,0.147,0.147,0.0,0.364,0.263,-0.10099999999999998,0.203,0.101,-0.10200000000000001,0.262,0.484,0.22199999999999998,0.404,0.375,-0.029000000000000026,2
random_matched,290,290,290,0.14775,0.405,0.2,-0.20500000000000002,0.57,0.141,-0.42899999999999994,0.206,0.153,-0.05299999999999999,0.147,0.122,-0.024999999999999994,0.364,0.288,-0.07600000000000001,0.203,0.127,-0.07600000000000001,0.262,0.264,0.0020000000000000018,0.404,0.088,-0.31600000000000006,2
point_mutation,290,290,1,0.06974999999999999,0.405,0.405,0.0,0.57,0.57,0.0,0.206,0.206,0.0,0.147,0.147,0.0,0.364,0.366,0.0020000000000000018,0.203,0.62,0.417,0.262,0.346,0.08399999999999996,0.404,0.459,0.05499999999999999,2
shuffle,232,232,232,0.26412499999999994,0.117,0.213,0.09599999999999999,0.126,0.2,0.07400000000000001,0.252,0.648,0.396,0.26,0.938,0.6779999999999999,0.146,0.478,0.33199999999999996,0.139,0.443,0.304,0.146,0.075,-0.071,0.191,0.029,-0.162,3
shuffle_blocks,232,232,232,0.09787500000000002,0.117,0.27,0.15300000000000002,0.126,0.178,0.05199999999999999,0.252,0.326,0.07400000000000001,0.26,0.336,0.07600000000000001,0.146,0.301,0.155,0.139,0.127,-0.01200000000000001,0.146,0.26,0.11400000000000002,0.191,0.338,0.14700000000000002,3
reverse,232,232,232,0.11349999999999999,0.117,0.299,0.182,0.126,0.319,0.193,0.252,0.254,0.0020000000000000018,0.26,0.283,0.022999999999999965,0.146,0.453,0.30700000000000005,0.139,0.177,0.03799999999999998,0.146,0.206,0.06,0.191,0.294,0.10299999999999998,3
knockout_GPGXX,232,217,15,0.0,0.117,0.117,0.0,0.126,0.126,0.0,0.252,0.252,0.0,0.26,0.26,0.0,0.146,0.146,0.0,0.139,0.139,0.0,0.146,0.146,0.0,0.191,0.191,0.0,3
scattered_control_GPGXX,232,217,15,0.0,0.117,0.117,0.0,0.126,0.126,0.0,0.252,0.252,0.0,0.26,0.26,0.0,0.146,0.146,0.0,0.139,0.139,0.0,0.146,0.146,0.0,0.191,0.191,0.0,3
block_control_GPGXX,232,217,15,0.0,0.117,0.117,0.0,0.126,0.126,0.0,0.252,0.252,0.0,0.26,0.26,0.0,0.146,0.146,0.0,0.139,0.139,0.0,0.146,0.146,0.0,0.191,0.191,0.0,3
substitute_GPGXX,232,232,15,0.0,0.117,0.117,0.0,0.126,0.126,0.0,0.252,0.252,0.0,0.26,0.26,0.0,0.146,0.146,0.0,0.139,0.139,0.0,0.146,0.146,0.0,0.191,0.191,0.0,3
termini_only,232,230,2,0.0,0.117,0.117,0.0,0.126,0.126,0.0,0.252,0.252,0.0,0.26,0.26,0.0,0.146,0.146,0.0,0.139,0.139,0.0,0.146,0.146,0.0,0.191,0.191,0.0,3
random_matched,232,232,232,0.189375,0.117,0.291,0.174,0.126,0.43,0.304,0.252,0.32,0.068,0.26,0.398,0.138,0.146,0.348,0.20199999999999999,0.139,0.582,0.44299999999999995,0.146,0.214,0.068,0.191,0.309,0.118,3
point_mutation,232,232,1,0.0,0.117,0.117,0.0,0.126,0.126,0.0,0.252,0.252,0.0,0.26,0.26,0.0,0.146,0.146,0.0,0.139,0.139,0.0,0.146,0.146,0.0,0.191,0.191,0.0,3
shuffle,374,374,374,0.16975,0.387,0.27,-0.11699999999999999,0.23,0.178,-0.05200000000000002,0.147,0.326,0.17900000000000002,0.014,0.336,0.322,0.275,0.301,0.025999999999999968,0.354,0.127,-0.22699999999999998,0.393,0.26,-0.133,0.64,0.338,-0.302,4
shuffle_blocks,374,374,374,0.20800000000000002,0.387,0.291,-0.09600000000000003,0.23,0.43,0.19999999999999998,0.147,0.32,0.17300000000000001,0.014,0.398,0.384,0.275,0.348,0.07299999999999995,0.354,0.582,0.22799999999999998,0.393,0.214,-0.17900000000000002,0.64,0.309,-0.331,4
reverse,374,374,374,0.16975,0.387,0.27,-0.11699999999999999,0.23,0.178,-0.05200000000000002,0.147,0.326,0.17900000000000002,0.014,0.336,0.322,0.275,0.301,0.025999999999999968,0.354,0.127,-0.22699999999999998,0.393,0.26,-0.133,0.64,0.338,-0.302,4
knockout_polyA,374,321,53,0.11325,0.387,0.244,-0.14300000000000002,0.23,0.207,-0.02300000000000002,0.147,0.153,0.006000000000000005,0.014,0.04,0.026000000000000002,0.275,0.301,0.025999999999999968,0.354,0.291,-0.063,0.393,0.453,0.06,0.64,0.081,-0.559,4
scattered_control_polyA,374,321,53,0.1515,0.387,0.262,-0.125,0.23,0.133,-0.097,0.147,0.213,0.066,0.014,0.119,0.105,0.275,0.234,-0.04100000000000001,0.354,0.076,-0.27799999999999997,0.393,0.268,-0.125,0.64,0.265,-0.375,4
block_control_polyA,374,321,53,0.163875,0.387,0.2,-0.187,0.23,0.141,-0.08900000000000002,0.147,0.153,0.006000000000000005,0.014,0.122,0.108,0.275,0.288,0.012999999999999956,0.354,0.127,-0.22699999999999998,0.393,0.264,-0.129,0.64,0.088,-0.552,4
substitute_polyA,374,374,53,0.163875,0.387,0.2,-0.187,0.23,0.141,-0.08900000000000002,0.147,0.153,0.006000000000000005,0.014,0.122,0.108,0.275,0.288,0.012999999999999956,0.354,0.127,-0.22699999999999998,0.393,0.264,-0.129,0.64,0.088,-0.552,4
knockout_GGX,374,308,66,0.1515,0.387,0.262,-0.125,0.23,0.133,-0.097,0.147,0.213,0.066,0.014,0.119,0.105,0.275,0.234,-0.04100000000000001,0.354,0.076,-0.27799999999999997,0.393,0.268,-0.125,0.64,0.265,-0.375,4
scattered_control_GGX,374,308,66,0.1105,0.387,0.369,-0.018000000000000016,0.23,0.348,0.11799999999999997,0.147,0.225,0.07800000000000001,0.014,0.151,0.13699999999999998,0.275,0.272,-0.0030000000000000027,0.354,0.215,-0.13899999999999998,0.393,0.453,0.06,0.64,0.309,-0.331,4
block_control_GGX,374,308,66,0.12575,0.387,0.384,-0.0030000000000000027,0.23,0.533,0.30300000000000005,0.147,0.136,-0.010999999999999982,0.014,0.098,0.084,0.275,0.367,0.09199999999999997,0.354,0.582,0.22799999999999998,0.393,0.457,0.064,0.64,0.419,-0.22100000000000003,4
substitute_GGX,374,374,66,0.163875,0.387,0.2,-0.187,0.23,0.141,-0.08900000000000002,0.147,0.153,0.006000000000000005,0.014,0.122,0.108,0.275,0.288,0.012999999999999956,0.354,0.127,-0.22699999999999998,0.393,0.264,-0.129,0.64,0.088,-0.552,4
knockout_GPGXX,374,259,115,0.1515,0.387,0.262,-0.125,0.23,0.133,-0.097,0.147,0.213,0.066,0.014,0.119,0.105,0.275,0.234,-0.04100000000000001,0.354,0.076,-0.27799999999999997,0.393,0.268,-0.125,0.64,0.265,-0.375,4
scattered_control_GPGXX,374,259,115,0.253,0.387,0.626,0.239,0.23,0.17,-0.06,0.147,0.418,0.271,0.014,0.313,0.299,0.275,0.649,0.374,0.354,0.177,-0.177,0.393,0.341,-0.05199999999999999,0.64,0.088,-0.552,4
block_control_GPGXX,374,259,115,0.062375,0.387,0.387,0.0,0.23,0.23,0.0,0.147,0.147,0.0,0.014,0.014,0.0,0.275,0.275,0.0,0.354,0.354,0.0,0.393,0.262,-0.131,0.64,0.272,-0.368,4
substitute_GPGXX,374,374,115,0.1515,0.387,0.262,-0.125,0.23,0.133,-0.097,0.147,0.213,0.066,0.014,0.119,0.105,0.275,0.234,-0.04100000000000001,0.354,0.076,-0.27799999999999997,0.393,0.268,-0.125,0.64,0.265,-0.375,4
termini_only,374,230,144,0.0,0.387,0.387,0.0,0.23,0.23,0.0,0.147,0.147,0.0,0.014,0.014,0.0,0.275,0.275,0.0,0.354,0.354,0.0,0.393,0.393,0.0,0.64,0.64,0.0,4
core_only,374,144,230,0.16225,0.387,0.387,0.0,0.23,0.489,0.259,0.147,0.256,0.10900000000000001,0.014,0.269,0.255,0.275,0.272,-0.0030000000000000027,0.354,0.266,-0.08799999999999997,0.393,0.15,-0.24300000000000002,0.64,0.299,-0.341,4
random_matched,374,374,374,0.16975,0.387,0.27,-0.11699999999999999,0.23,0.178,-0.05200000000000002,0.147,0.326,0.17900000000000002,0.014,0.336,0.322,0.275,0.301,0.025999999999999968,0.354,0.127,-0.22699999999999998,0.393,0.26,-0.133,0.64,0.338,-0.302,4
point_mutation,374,374,1,0.0,0.387,0.387,0.0,0.23,0.23,0.0,0.147,0.147,0.0,0.014,0.014,0.0,0.275,0.275,0.0,0.354,0.354,0.0,0.393,0.393,0.0,0.64,0.64,0.0,4
shuffle,292,292,292,0.17475,0.278,0.291,0.012999999999999956,0.274,0.43,0.15599999999999997,0.182,0.32,0.138,0.108,0.398,0.29000000000000004,0.228,0.348,0.11999999999999997,0.152,0.582,0.42999999999999994,0.399,0.214,-0.18500000000000003,0.375,0.309,-0.066,5
shuffle_blocks,292,292,292,0.094,0.278,0.27,-0.008000000000000007,0.274,0.178,-0.09600000000000003,0.182,0.326,0.14400000000000002,0.108,0.336,0.22800000000000004,0.228,0.301,0.07299999999999998,0.152,0.127,-0.024999999999999994,0.399,0.26,-0.139,0.375,0.336,-0.03899999999999998,5
reverse,292,292,292,0.17475,0.278,0.291,0.012999999999999956,0.274,0.43,0.15599999999999997,0.182,0.32,0.138,0.108,0.398,0.29000000000000004,0.228,0.348,0.11999999999999997,0.152,0.582,0.42999999999999994,0.399,0.214,-0.18500000000000003,0.375,0.309,-0.066,5
knockout_polyA,292,270,22,0.0002500000000000002,0.278,0.278,0.0,0.274,0.274,0.0,0.182,0.182,0.0,0.108,0.108,0.0,0.228,0.226,-0.0020000000000000018,0.152,0.152,0.0,0.399,0.399,0.0,0.375,0.375,0.0,5
scattered_control_polyA,292,270,22,0.09512500000000002,0.278,0.2,-0.07800000000000001,0.274,0.141,-0.13300000000000003,0.182,0.153,-0.028999999999999998,0.108,0.122,0.013999999999999999,0.228,0.288,0.05999999999999997,0.152,0.127,-0.024999999999999994,0.399,0.264,-0.135,0.375,0.088,-0.28700000000000003,5
block_control_polyA,292,270,22,0.0,0.278,0.278,0.0,0.274,0.274,0.0,0.182,0.182,0.0,0.108,0.108,0.0,0.228,0.228,0.0,0.152,0.152,0.0,0.399,0.399,0.0,0.375,0.375,0.0,5
substitute_polyA,292,292,22,0.0,0.278,0.278,0.0,0.274,0.274,0.0,0.182,0.182,0.0,0.108,0.108,0.0,0.228,0.228,0.0,0.152,0.152,0.0,0.399,0.399,0.0,0.375,0.375,0.0,5
knockout_GGX,292,244,48,0.0,0.278,0.278,0.0,0.274,0.274,0.0,0.182,0.182,0.0,0.108,0.108,0.0,0.228,0.228,0.0,0.152,0.152,0.0,0.399,0.399,0.0,0.375,0.375,0.0,5
scattered_control_GGX,292,244,48,0.17475,0.278,0.291,0.012999999999999956,0.274,0.43,0.15599999999999997,0.182,0.32,0.138,0.108,0.398,0.29000000000000004,0.228,0.348,0.11999999999999997,0.152,0.582,0.42999999999999994,0.399,0.214,-0.18500000000000003,0.375,0.309,-0.066,5
block_control_GGX,292,244,48,0.0,0.278,0.278,0.0,0.274,0.274,0.0,0.182,0.182,0.0,0.108,0.108,0.0,0.228,0.228,0.0,0.152,0.152,0.0,0.399,0.399,0.0,0.375,0.375,0.0,5
substitute_GGX,292,292,48,0.09375,0.278,0.27,-0.008000000000000007,0.274,0.178,-0.09600000000000003,0.182,0.326,0.14400000000000002,0.108,0.336,0.22800000000000004,0.228,0.301,0.07299999999999998,0.152,0.127,-0.024999999999999994,0.399,0.26,-0.139,0.375,0.338,-0.03699999999999998,5
knockout_GPGXX,292,182,110,0.09375,0.278,0.27,-0.008000000000000007,0.274,0.178,-0.09600000000000003,0.182,0.326,0.14400000000000002,0.108,0.336,0.22800000000000004,0.228,0.301,0.07299999999999998,0.152,0.127,-0.024999999999999994,0.399,0.26,-0.139,0.375,0.338,-0.03699999999999998,5
scattered_control_GPGXX,292,182,110,0.06525,0.278,0.262,-0.016000000000000014,0.274,0.133,-0.14100000000000001,0.182,0.213,0.031,0.108,0.119,0.010999999999999996,0.228,0.234,0.006000000000000005,0.152,0.076,-0.076,0.399,0.268,-0.131,0.375,0.265,-0.10999999999999999,5
block_control_GPGXX,292,182,110,0.0002500000000000002,0.278,0.278,0.0,0.274,0.274,0.0,0.182,0.182,0.0,0.108,0.108,0.0,0.228,0.226,-0.0020000000000000018,0.152,0.152,0.0,0.399,0.399,0.0,0.375,0.375,0.0,5
substitute_GPGXX,292,292,110,0.09375,0.278,0.27,-0.008000000000000007,0.274,0.178,-0.09600000000000003,0.182,0.326,0.14400000000000002,0.108,0.336,0.22800000000000004,0.228,0.301,0.07299999999999998,0.152,0.127,-0.024999999999999994,0.399,0.26,-0.139,0.375,0.338,-0.03699999999999998,5
termini_only,292,230,62,0.0002500000000000002,0.278,0.278,0.0,0.274,0.274,0.0,0.182,0.182,0.0,0.108,0.108,0.0,0.228,0.226,-0.0020000000000000018,0.152,0.152,0.0,0.399,0.399,0.0,0.375,0.375,0.0,5
core_only,292,62,230,0.05975,0.278,0.369,0.09099999999999997,0.274,0.348,0.07399999999999995,0.182,0.225,0.04300000000000001,0.108,0.151,0.043,0.228,0.272,0.04400000000000001,0.152,0.215,0.063,0.399,0.453,0.05399999999999999,0.375,0.309,-0.066,5
random_matched,292,292,292,0.09375,0.278,0.27,-0.008000000000000007,0.274,0.178,-0.09600000000000003,0.182,0.326,0.14400000000000002,0.108,0.336,0.22800000000000004,0.228,0.301,0.07299999999999998,0.152,0.127,-0.024999999999999994,0.399,0.26,-0.139,0.375,0.338,-0.03699999999999998,5
point_mutation,292,292,1,0.0,0.278,0.278,0.0,0.274,0.274,0.0,0.182,0.182,0.0,0.108,0.108,0.0,0.228,0.228,0.0,0.152,0.152,0.0,0.399,0.399,0.0,0.375,0.375,0.0,5
shuffle,296,296,296,0.15337499999999998,0.327,0.626,0.299,0.356,0.17,-0.18599999999999997,0.261,0.418,0.15699999999999997,0.287,0.313,0.026000000000000023,0.437,0.649,0.21200000000000002,0.19,0.177,-0.013000000000000012,0.22,0.341,0.12100000000000002,0.301,0.088,-0.213,6
shuffle_blocks,296,296,296,0.09687500000000002,0.327,0.291,-0.03600000000000003,0.356,0.43,0.07400000000000001,0.261,0.32,0.059,0.287,0.398,0.11100000000000004,0.437,0.348,-0.08900000000000002,0.19,0.582,0.39199999999999996,0.22,0.214,-0.006000000000000005,0.301,0.309,0.008000000000000007,6
reverse,296,296,296,0.148125,0.327,0.338,0.01100000000000001,0.356,0.504,0.14800000000000002,0.261,0.203,-0.057999999999999996,0.287,0.139,-0.14799999999999996,0.437,0.203,-0.23399999999999999,0.19,0.266,0.07600000000000001,0.22,0.48,0.26,0.301,0.551,0.25000000000000006,6
knockout_polyA,296,255,41,0.12537500000000001,0.327,0.636,0.309,0.356,0.415,0.059,0.261,0.347,0.08599999999999997,0.287,0.161,-0.12599999999999997,0.437,0.547,0.11000000000000004,0.19,0.241,0.05099999999999999,0.22,0.387,0.167,0.301,0.206,-0.095,6
scattered_control_polyA,296,255,41,0.078125,0.327,0.27,-0.056999999999999995,0.356,0.178,-0.178,0.261,0.326,0.065,0.287,0.336,0.049000000000000044,0.437,0.301,-0.136,0.19,0.127,-0.063,0.22,0.26,0.04000000000000001,0.301,0.338,0.03700000000000003,6
block_control_polyA,296,255,41,0.09687500000000002,0.327,0.291,-0.03600000000000003,0.356,0.43,0.07400000000000001,0.261,0.32,0.059,0.287,0.398,0.11100000000000004,0.437,0.348,-0.08900000000000002,0.19,0.582,0.39199999999999996,0.22,0.214,-0.006000000000000005,0.301,0.309,0.008000000000000007,6
substitute_polyA,296,296,41,0.113125,0.327,0.262,-0.065,0.356,0.133,-0.22299999999999998,0.261,0.213,-0.048000000000000015,0.287,0.119,-0.16799999999999998,0.437,0.234,-0.20299999999999999,0.19,0.076,-0.114,0.22,0.268,0.048000000000000015,0.301,0.265,-0.035999999999999976,6
knockout_GGX,296,257,39,0.183,0.327,0.696,0.36899999999999994,0.356,0.526,0.17000000000000004,0.261,0.364,0.10299999999999998,0.287,0.132,-0.15499999999999997,0.437,0.557,0.12000000000000005,0.19,0.443,0.253,0.22,0.426,0.206,0.301,0.213,-0.088,6
scattered_control_GGX,296,257,39,0.09687500000000002,0.327,0.291,-0.03600000000000003,0.356,0.43,0.07400000000000001,0.261,0.32,0.059,0.287,0.398,0.11100000000000004,0.437,0.348,-0.08900000000000002,0.19,0.582,0.39199999999999996,0.22,0.214,-0.006000000000000005,0.301,0.309,0.008000000000000007,6
block_control_GGX,296,257,39,0.09687500000000002,0.327,0.291,-0.03600000000000003,0.356,0.43,0.07400000000000001,0.261,0.32,0.059,0.287,0.398,0.11100000000000004,0.437,0.348,-0.08900000000000002,0.19,0.582,0.39199999999999996,0.22,0.214,-0.006000000000000005,0.301,0.309,0.008000000000000007,6
substitute_GGX,296,296,39,0.09687500000000002,0.327,0.291,-0.03600000000000003,0.356,0.43,0.07400000000000001,0.261,0.32,0.059,0.287,0.398,0.11100000000000004,0.437,0.348,-0.08900000000000002,0.19,0.582,0.39199999999999996,0.22,0.214,-0.006000000000000005,0.301,0.309,0.008000000000000007,6
knockout_GPGXX,296,291,5,0.15725,0.327,0.234,-0.093,0.356,0.23,-0.12599999999999997,0.261,0.173,-0.08800000000000002,0.287,0.027,-0.25999999999999995,0.437,0.114,-0.323,0.19,0.089,-0.101,0.22,0.42,0.19999999999999998,0.301,0.368,0.067,6
scattered_control_GPGXX,296,291,5,0.15725,0.327,0.234,-0.093,0.356,0.23,-0.12599999999999997,0.261,0.173,-0.08800000000000002,0.287,0.027,-0.25999999999999995,0.437,0.114,-0.323,0.19,0.089,-0.101,0.22,0.42,0.19999999999999998,0.301,0.368,0.067,6
block_control_GPGXX,296,291,5,0.0,0.327,0.327,0.0,0.356,0.356,0.0,0.261,0.261,0.0,0.287,0.287,0.0,0.437,0.437,0.0,0.19,0.19,0.0,0.22,0.22,0.0,0.301,0.301,0.0,6
substitute_GPGXX,296,296,5,0.09687500000000002,0.327,0.291,-0.03600000000000003,0.356,0.43,0.07400000000000001,0.261,0.32,0.059,0.287,0.398,0.11100000000000004,0.437,0.348,-0.08900000000000002,0.19,0.582,0.39199999999999996,0.22,0.214,-0.006000000000000005,0.301,0.309,0.008000000000000007,6
termini_only,296,230,66,0.12537500000000001,0.327,0.636,0.309,0.356,0.415,0.059,0.261,0.347,0.08599999999999997,0.287,0.161,-0.12599999999999997,0.437,0.547,0.11000000000000004,0.19,0.241,0.05099999999999999,0.22,0.387,0.167,0.301,0.206,-0.095,6
core_only,296,66,230,0.09687500000000002,0.327,0.291,-0.03600000000000003,0.356,0.43,0.07400000000000001,0.261,0.32,0.059,0.287,0.398,0.11100000000000004,0.437,0.348,-0.08900000000000002,0.19,0.582,0.39199999999999996,0.22,0.214,-0.006000000000000005,0.301,0.309,0.008000000000000007,6
random_matched,296,296,296,0.078125,0.327,0.27,-0.056999999999999995,0.356,0.178,-0.178,0.261,0.326,0.065,0.287,0.336,0.049000000000000044,0.437,0.301,-0.136,0.19,0.127,-0.063,0.22,0.26,0.04000000000000001,0.301,0.338,0.03700000000000003,6
point_mutation,296,296,1,0.0,0.327,0.327,0.0,0.356,0.356,0.0,0.261,0.261,0.0,0.287,0.287,0.0,0.437,0.437,0.0,0.19,0.19,0.0,0.22,0.22,0.0,0.301,0.301,0.0,6
shuffle,473,473,473,0.11475,0.291,0.27,-0.020999999999999963,0.43,0.178,-0.252,0.32,0.326,0.006000000000000005,0.398,0.336,-0.062,0.348,0.301,-0.046999999999999986,0.582,0.127,-0.45499999999999996,0.214,0.26,0.04600000000000001,0.309,0.338,0.029000000000000026,7
shuffle_blocks,473,473,473,0.148,0.291,0.369,0.07800000000000001,0.43,0.348,-0.08200000000000002,0.32,0.225,-0.095,0.398,0.151,-0.24700000000000003,0.348,0.272,-0.07599999999999996,0.582,0.215,-0.367,0.214,0.453,0.23900000000000002,0.309,0.309,0.0,7
reverse,473,473,473,0.0,0.291,0.291,0.0,0.43,0.43,0.0,0.32,0.32,0.0,0.398,0.398,0.0,0.348,0.348,0.0,0.582,0.582,0.0,0.214,0.214,0.0,0.309,0.309,0.0,7
knockout_polyA,473,418,55,0.220875,0.291,0.234,-0.05699999999999997,0.43,0.23,-0.19999999999999998,0.32,0.173,-0.14700000000000002,0.398,0.027,-0.371,0.348,0.114,-0.23399999999999999,0.582,0.089,-0.493,0.214,0.42,0.206,0.309,0.368,0.059,7
scattered_control_polyA,473,418,55,0.23299999999999996,0.291,0.213,-0.07799999999999999,0.43,0.2,-0.22999999999999998,0.32,0.648,0.328,0.398,0.938,0.5399999999999999,0.348,0.478,0.13,0.582,0.443,-0.13899999999999996,0.214,0.075,-0.139,0.309,0.029,-0.27999999999999997,7
block_control_polyA,473,418,55,0.0,0.291,0.291,0.0,0.43,0.43,0.0,0.32,0.32,0.0,0.398,0.398,0.0,0.348,0.348,0.0,0.582,0.582,0.0,0.214,0.214,0.0,0.309,0.309,0.0,7
substitute_polyA,473,473,55,0.0,0.291,0.291,0.0,0.43,0.43,0.0,0.32,0.32,0.0,0.398,0.398,0.0,0.348,0.348,0.0,0.582,0.582,0.0,0.214,0.214,0.0,0.309,0.309,0.0,7
knockout_GGX,473,416,57,0.0,0.291,0.291,0.0,0.43,0.43,0.0,0.32,0.32,0.0,0.398,0.398,0.0,0.348,0.348,0.0,0.582,0.582,0.0,0.214,0.214,0.0,0.309,0.309,0.0,7
scattered_control_GGX,473,416,57,0.23299999999999996,0.291,0.213,-0.07799999999999999,0.43,0.2,-0.22999999999999998,0.32,0.648,0.328,0.398,0.938,0.5399999999999999,0.348,0.478,0.13,0.582,0.443,-0.13899999999999996,0.214,0.075,-0.139,0.309,0.029,-0.27999999999999997,7
block_control_GGX,473,416,57,0.0,0.291,0.291,0.0,0.43,0.43,0.0,0.32,0.32,0.0,0.398,0.398,0.0,0.348,0.348,0.0,0.582,0.582,0.0,0.214,0.214,0.0,0.309,0.309,0.0,7
substitute_GGX,473,473,57,0.0,0.291,0.291,0.0,0.43,0.43,0.0,0.32,0.32,0.0,0.398,0.398,0.0,0.348,0.348,0.0,0.582,0.582,0.0,0.214,0.214,0.0,0.309,0.309,0.0,7
knockout_GPGXX,473,313,160,0.17875,0.291,0.262,-0.02899999999999997,0.43,0.133,-0.297,0.32,0.213,-0.10700000000000001,0.398,0.119,-0.279,0.348,0.234,-0.11399999999999996,0.582,0.076,-0.506,0.214,0.268,0.05400000000000002,0.309,0.265,-0.043999999999999984,7
scattered_control_GPGXX,473,313,160,0.23299999999999996,0.291,0.213,-0.07799999999999999,0.43,0.2,-0.22999999999999998,0.32,0.648,0.328,0.398,0.938,0.5399999999999999,0.348,0.478,0.13,0.582,0.443,-0.13899999999999996,0.214,0.075,-0.139,0.309,0.029,-0.27999999999999997,7
block_control_GPGXX,473,313,160,0.0,0.291,0.291,0.0,0.43,0.43,0.0,0.32,0.32,0.0,0.398,0.398,0.0,0.348,0.348,0.0,0.582,0.582,0.0,0.214,0.214,0.0,0.309,0.309,0.0,7
substitute_GPGXX,473,473,160,0.0,0.291,0.291,0.0,0.43,0.43,0.0,0.32,0.32,0.0,0.398,0.398,0.0,0.348,0.348,0.0,0.582,0.582,0.0,0.214,0.214,0.0,0.309,0.309,0.0,7
termini_only,473,230,243,0.17875,0.291,0.262,-0.02899999999999997,0.43,0.133,-0.297,0.32,0.213,-0.10700000000000001,0.398,0.119,-0.279,0.348,0.234,-0.11399999999999996,0.582,0.076,-0.506,0.214,0.268,0.05400000000000002,0.309,0.265,-0.043999999999999984,7
core_only,473,243,230,0.0,0.291,0.291,0.0,0.43,0.43,0.0,0.32,0.32,0.0,0.398,0.398,0.0,0.348,0.348,0.0,0.582,0.582,0.0,0.214,0.214,0.0,0.309,0.309,0.0,7
random_matched,473,473,473,0.17875,0.291,0.262,-0.02899999999999997,0.43,0.133,-0.297,0.32,0.213,-0.10700000000000001,0.398,0.119,-0.279,0.348,0.234,-0.11399999999999996,0.582,0.076,-0.506,0.214,0.268,0.05400000000000002,0.309,0.265,-0.043999999999999984,7
point_mutation,473,473,1,0.0,0.291,0.291,0.0,0.43,0.43,0.0,0.32,0.32,0.0,0.398,0.398,0.0,0.348,0.348,0.0,0.582,0.582,0.0,0.214,0.214,0.0,0.309,0.309,0.0,7
shuffle,382,382,382,0.22799999999999998,0.151,0.291,0.13999999999999999,0.081,0.43,0.349,0.102,0.32,0.21800000000000003,0.122,0.398,0.276,0.174,0.348,0.174,0.152,0.582,0.42999999999999994,0.289,0.214,-0.07499999999999998,0.147,0.309,0.162,8
shuffle_blocks,382,382,382,0.069,0.151,0.262,0.11100000000000002,0.081,0.133,0.052000000000000005,0.102,0.213,0.111,0.122,0.119,-0.0030000000000000027,0.174,0.234,0.060000000000000026,0.152,0.076,-0.076,0.289,0.268,-0.020999999999999963,0.147,0.265,0.11800000000000002,8
reverse,382,382,382,0.152625,0.151,0.327,0.17600000000000002,0.081,0.259,0.178,0.102,0.274,0.17200000000000004,0.122,0.291,0.16899999999999998,0.174,0.44,0.266,0.152,0.291,0.13899999999999998,0.289,0.249,-0.03999999999999998,0.147,0.228,0.08100000000000002,8
knockout_polyA,382,354,28,0.0,0.151,0.151,0.0,0.081,0.081,0.0,0.102,0.102,0.0,0.122,0.122,0.0,0.174,0.174,0.0,0.152,0.152,0.0,0.289,0.289,0.0,0.147,0.147,0.0,8
scattered_control_polyA,382,354,28,0.05525,0.151,0.197,0.04600000000000001,0.081,0.17,0.08900000000000001,0.102,0.159,0.05700000000000001,0.122,0.101,-0.02099999999999999,0.174,0.307,0.133,0.152,0.152,0.0,0.289,0.208,-0.08099999999999999,0.147,0.132,-0.014999999999999986,8
block_control_polyA,382,354,28,0.05525,0.151,0.197,0.04600000000000001,0.081,0.17,0.08900000000000001,0.102,0.159,0.05700000000000001,0.122,0.101,-0.02099999999999999,0.174,0.307,0.133,0.152,0.152,0.0,0.289,0.208,-0.08099999999999999,0.147,0.132,-0.014999999999999986,8
substitute_polyA,382,382,28,0.0,0.151,0.151,0.0,0.081,0.081,0.0,0.102,0.102,0.0,0.122,0.122,0.0,0.174,0.174,0.0,0.152,0.152,0.0,0.289,0.289,0.0,0.147,0.147,0.0,8
knockout_GGX,382,361,21,0.154125,0.151,0.299,0.148,0.081,0.319,0.238,0.102,0.254,0.15200000000000002,0.122,0.283,0.16099999999999998,0.174,0.453,0.279,0.152,0.177,0.024999999999999994,0.289,0.206,-0.08299999999999999,0.147,0.294,0.147,8
scattered_control_GGX,382,361,21,0.0,0.151,0.151,0.0,0.081,0.081,0.0,0.102,0.102,0.0,0.122,0.122,0.0,0.174,0.174,0.0,0.152,0.152,0.0,0.289,0.289,0.0,0.147,0.147,0.0,8
block_control_GGX,382,361,21,0.05525,0.151,0.197,0.04600000000000001,0.081,0.17,0.08900000000000001,0.102,0.159,0.05700000000000001,0.122,0.101,-0.02099999999999999,0.174,0.307,0.133,0.152,0.152,0.0,0.289,0.208,-0.08099999999999999,0.147,0.132,-0.014999999999999986,8
substitute_GGX,382,382,21,0.0,0.151,0.151,0.0,0.081,0.081,0.0,0.102,0.102,0.0,0.122,0.122,0.0,0.174,0.174,0.0,0.152,0.152,0.0,0.289,0.289,0.0,0.147,0.147,0.0,8
termini_only,382,230,152,0.0,0.151,0.151,0.0,0.081,0.081,0.0,0.102,0.102,0.0,0.122,0.122,0.0,0.174,0.174,0.0,0.152,0.152,0.0,0.289,0.289,0.0,0.147,0.147,0.0,8
core_only,382,152,230,0.22799999999999998,0.151,0.291,0.13999999999999999,0.081,0.43,0.349,0.102,0.32,0.21800000000000003,0.122,0.398,0.276,0.174,0.348,0.174,0.152,0.582,0.42999999999999994,0.289,0.214,-0.07499999999999998,0.147,0.309,0.162,8
random_matched,382,382,382,0.22799999999999998,0.151,0.291,0.13999999999999999,0.081,0.43,0.349,0.102,0.32,0.21800000000000003,0.122,0.398,0.276,0.174,0.348,0.174,0.152,0.582,0.42999999999999994,0.289,0.214,-0.07499999999999998,0.147,0.309,0.162,8
point_mutation,382,382,1,0.0,0.151,0.151,0.0,0.081,0.081,0.0,0.102,0.102,0.0,0.122,0.122,0.0,0.174,0.174,0.0,0.152,0.152,0.0,0.289,0.289,0.0,0.147,0.147,0.0,8
shuffle,228,228,228,0.1005,0.418,0.27,-0.14799999999999996,0.156,0.178,0.021999999999999992,0.293,0.326,0.03300000000000003,0.218,0.336,0.11800000000000002,0.373,0.301,-0.07200000000000001,0.215,0.127,-0.088,0.333,0.26,-0.07300000000000001,0.088,0.338,0.25,9
shuffle_blocks,228,228,228,0.1005,0.418,0.27,-0.14799999999999996,0.156,0.178,0.021999999999999992,0.293,0.326,0.03300000000000003,0.218,0.336,0.11800000000000002,0.373,0.301,-0.07200000000000001,0.215,0.127,-0.088,0.333,0.26,-0.07300000000000001,0.088,0.338,0.25,9
reverse,228,228,228,0.14425,0.418,0.203,-0.21499999999999997,0.156,0.119,-0.037000000000000005,0.293,0.162,-0.13099999999999998,0.218,0.052,-0.166,0.373,0.199,-0.174,0.215,0.013,-0.20199999999999999,0.333,0.281,-0.05199999999999999,0.088,0.265,0.17700000000000002,9
knockout_polyA,228,216,12,0.0,0.418,0.418,0.0,0.156,0.156,0.0,0.293,0.293,0.0,0.218,0.218,0.0,0.373,0.373,0.0,0.215,0.215,0.0,0.333,0.333,0.0,0.088,0.088,0.0,9
scattered_control_polyA,228,216,12,0.0,0.418,0.418,0.0,0.156,0.156,0.0,0.293,0.293,0.0,0.218,0.218,0.0,0.373,0.373,0.0,0.215,0.215,0.0,0.333,0.333,0.0,0.088,0.088,0.0,9
block_control_polyA,228,216,12,0.0,0.418,0.418,0.0,0.156,0.156,0.0,0.293,0.293,0.0,0.218,0.218,0.0,0.373,0.373,0.0,0.215,0.215,0.0,0.333,0.333,0.0,0.088,0.088,0.0,9
substitute_polyA,228,228,12,0.0,0.418,0.418,0.0,0.156,0.156,0.0,0.293,0.293,0.0,0.218,0.218,0.0,0.373,0.373,0.0,0.215,0.215,0.0,0.333,0.333,0.0,0.088,0.088,0.0,9
knockout_GGX,228,222,6,0.0,0.418,0.418,0.0,0.156,0.156,0.0,0.293,0.293,0.0,0.218,0.218,0.0,0.373,0.373,0.0,0.215,0.215,0.0,0.333,0.333,0.0,0.088,0.088,0.0,9
scattered_control_GGX,228,222,6,0.0,0.418,0.418,0.0,0.156,0.156,0.0,0.293,0.293,0.0,0.218,0.218,0.0,0.373,0.373,0.0,0.215,0.215,0.0,0.333,0.333,0.0,0.088,0.088,0.0,9
block_control_GGX,228,222,6,0.0,0.418,0.418,0.0,0.156,0.156,0.0,0.293,0.293,0.0,0.218,0.218,0.0,0.373,0.373,0.0,0.215,0.215,0.0,0.333,0.333,0.0,0.088,0.088,0.0,9
substitute_GGX,228,228,6,0.0,0.418,0.418,0.0,0.156,0.156,0.0,0.293,0.293,0.0,0.218,0.218,0.0,0.373,0.373,0.0,0.215,0.215,0.0,0.333,0.333,0.0,0.088,0.088,0.0,9
knockout_GPGXX,228,218,10,0.0,0.418,0.418,0.0,0.156,0.156,0.0,0.293,0.293,0.0,0.218,0.218,0.0,0.373,0.373,0.0,0.215,0.215,0.0,0.333,0.333,0.0,0.088,0.088,0.0,9
scattered_control_GPGXX,228,218,10,0.0,0.418,0.418,0.0,0.156,0.156,0.0,0.293,0.293,0.0,0.218,0.218,0.0,0.373,0.373,0.0,0.215,0.215,0.0,0.333,0.333,0.0,0.088,0.088,0.0,9
block_control_GPGXX,228,218,10,0.0,0.418,0.418,0.0,0.156,0.156,0.0,0.293,0.293,0.0,0.218,0.218,0.0,0.373,0.373,0.0,0.215,0.215,0.0,0.333,0.333,0.0,0.088,0.088,0.0,9
substitute_GPGXX,228,228,10,0.0,0.418,0.418,0.0,0.156,0.156,0.0,0.293,0.293,0.0,0.218,0.218,0.0,0.373,0.373,0.0,0.215,0.215,0.0,0.333,0.333,0.0,0.088,0.088,0.0,9
random_matched,228,228,228,0.06899999999999999,0.418,0.361,-0.056999999999999995,0.156,0.259,0.10300000000000001,0.293,0.364,0.07100000000000001,0.218,0.243,0.024999999999999994,0.373,0.257,-0.11599999999999999,0.215,0.127,-0.088,0.333,0.424,0.09099999999999997,0.088,0.089,0.0010000000000000009,9
point_mutation,228,228,1,0.0,0.418,0.418,0.0,0.156,0.156,0.0,0.293,0.293,0.0,0.218,0.218,0.0,0.373,0.373,0.0,0.215,0.215,0.0,0.333,0.333,0.0,0.088,0.088,0.0,9
shuffle,503,503,503,0.044625,0.2,0.262,0.062,0.141,0.133,-0.00799999999999998,0.153,0.213,0.06,0.122,0.119,-0.0030000000000000027,0.288,0.234,-0.053999999999999965,0.127,0.076,-0.051000000000000004,0.266,0.268,0.0020000000000000018,0.382,0.265,-0.11699999999999999,10
shuffle_blocks,503,503,503,0.037000000000000005,0.2,0.2,0.0,0.141,0.141,0.0,0.153,0.153,0.0,0.122,0.122,0.0,0.288,0.288,0.0,0.127,0.127,0.0,0.266,0.264,-0.0020000000000000018,0.382,0.088,-0.29400000000000004,10
reverse,503,503,503,0.06962499999999999,0.2,0.27,0.07,0.141,0.178,0.037000000000000005,0.153,0.326,0.17300000000000001,0.122,0.336,0.21400000000000002,0.288,0.301,0.013000000000000012,0.127,0.127,0.0,0.266,0.26,-0.006000000000000005,0.382,0.338,-0.043999999999999984,10
knockout_GGX,503,497,6,0.0,0.2,0.2,0.0,0.141,0.141,0.0,0.153,0.153,0.0,0.122,0.122,0.0,0.288,0.288,0.0,0.127,0.127,0.0,0.266,0.266,0.0,0.382,0.382,0.0,10
scattered_control_GGX,503,497,6,0.036750000000000005,0.2,0.2,0.0,0.141,0.141,0.0,0.153,0.153,0.0,0.122,0.122,0.0,0.288,0.288,0.0,0.127,0.127,0.0,0.266,0.266,0.0,0.382,0.088,-0.29400000000000004,10
block_control_GGX,503,497,6,0.036750000000000005,0.2,0.2,0.0,0.141,0.141,0.0,0.153,0.153,0.0,0.122,0.122,0.0,0.288,0.288,0.0,0.127,0.127,0.0,0.266,0.266,0.0,0.382,0.088,-0.29400000000000004,10
substitute_GGX,503,503,6,0.036750000000000005,0.2,0.2,0.0,0.141,0.141,0.0,0.153,0.153,0.0,0.122,0.122,0.0,0.288,0.288,0.0,0.127,0.127,0.0,0.266,0.266,0.0,0.382,0.088,-0.29400000000000004,10
knockout_GPGXX,503,398,105,0.145875,0.2,0.278,0.07800000000000001,0.141,0.489,0.348,0.153,0.206,0.05299999999999999,0.122,0.274,0.15200000000000002,0.288,0.335,0.04700000000000004,0.127,0.532,0.405,0.266,0.277,0.01100000000000001,0.382,0.309,-0.07300000000000001,10
scattered_control_GPGXX,503,398,105,0.08600000000000001,0.2,0.252,0.05199999999999999,0.141,0.274,0.13300000000000003,0.153,0.282,0.12899999999999998,0.122,0.147,0.024999999999999994,0.288,0.342,0.05400000000000005,0.127,0.241,0.11399999999999999,0.266,0.21,-0.05600000000000002,0.382,0.257,-0.125,10
block_control_GPGXX,503,398,105,0.037000000000000005,0.2,0.2,0.0,0.141,0.141,0.0,0.153,0.153,0.0,0.122,0.122,0.0,0.288,0.288,0.0,0.127,0.127,0.0,0.266,0.264,-0.0020000000000000018,0.382,0.088,-0.29400000000000004,10
substitute_GPGXX,503,503,105,0.06925,0.2,0.27,0.07,0.141,0.178,0.037000000000000005,0.153,0.326,0.17300000000000001,0.122,0.336,0.21400000000000002,0.288,0.301,0.013000000000000012,0.127,0.127,0.0,0.266,0.266,0.0,0.382,0.335,-0.046999999999999986,10
termini_only,503,230,273,0.037000000000000005,0.2,0.2,0.0,0.141,0.141,0.0,0.153,0.153,0.0,0.122,0.122,0.0,0.288,0.288,0.0,0.127,0.127,0.0,0.266,0.264,-0.0020000000000000018,0.382,0.088,-0.29400000000000004,10
core_only,503,273,230,0.06962499999999999,0.2,0.27,0.07,0.141,0.178,0.037000000000000005,0.153,0.326,0.17300000000000001,0.122,0.336,0.21400000000000002,0.288,0.301,0.013000000000000012,0.127,0.127,0.0,0.266,0.26,-0.006000000000000005,0.382,0.338,-0.043999999999999984,10
random_matched,503,503,503,0.04149999999999999,0.2,0.197,-0.0030000000000000027,0.141,0.2,0.059000000000000025,0.153,0.114,-0.03899999999999999,0.122,0.15,0.027999999999999997,0.288,0.199,-0.08899999999999997,0.127,0.177,0.04999999999999999,0.266,0.293,0.02699999999999997,0.382,0.419,0.03699999999999998,10
point_mutation,503,503,1,0.0,0.2,0.2,0.0,0.141,0.141,0.0,0.153,0.153,0.0,0.122,0.122,0.0,0.288,0.288,0.0,0.127,0.127,0.0,0.266,0.266,0.0,0.382,0.382,0.0,10
shuffle,410,410,410,0.073125,0.216,0.2,-0.015999999999999986,0.193,0.141,-0.05200000000000002,0.083,0.153,0.06999999999999999,0.0,0.122,0.122,0.203,0.288,0.08499999999999996,0.228,0.127,-0.101,0.403,0.264,-0.139,0.088,0.088,0.0,11
shuffle_blocks,410,410,410,0.073125,0.216,0.2,-0.015999999999999986,0.193,0.141,-0.05200000000000002,0.083,0.153,0.06999999999999999,0.0,0.122,0.122,0.203,0.288,0.08499999999999996,0.228,0.127,-0.101,0.403,0.264,-0.139,0.088,0.088,0.0,11
reverse,410,410,410,0.29875,0.216,0.213,-0.0030000000000000027,0.193,0.2,0.007000000000000006,0.083,0.648,0.5650000000000001,0.0,0.938,0.938,0.203,0.478,0.27499999999999997,0.228,0.443,0.215,0.403,0.075,-0.328,0.088,0.029,-0.059,11
knockout_polyA,410,350,60,0.0,0.216,0.216,0.0,0.193,0.193,0.0,0.083,0.083,0.0,0.0,0.0,0.0,0.203,0.203,0.0,0.228,0.228,0.0,0.403,0.403,0.0,0.088,0.088,0.0,11
scattered_control_polyA,410,350,60,0.10725000000000001,0.216,0.291,0.07499999999999998,0.193,0.4,0.20700000000000002,0.083,0.206,0.12299999999999998,0.0,0.149,0.149,0.203,0.177,-0.026000000000000023,0.228,0.215,-0.013000000000000012,0.403,0.265,-0.138,0.088,0.215,0.127,11
block_control_polyA,410,350,60,0.0,0.216,0.216,0.0,0.193,0.193,0.0,0.083,0.083,0.0,0.0,0.0,0.0,0.203,0.203,0.0,0.228,0.228,0.0,0.403,0.403,0.0,0.088,0.088,0.0,11
substitute_polyA,410,410,60,0.0,0.216,0.216,0.0,0.193,0.193,0.0,0.083,0.083,0.0,0.0,0.0,0.0,0.203,0.203,0.0,0.228,0.228,0.0,0.403,0.403,0.0,0.088,0.088,0.0,11
knockout_GGX,410,341,69,0.0,0.216,0.216,0.0,0.193,0.193,0.0,0.083,0.083,0.0,0.0,0.0,0.0,0.203,0.203,0.0,0.228,0.228,0.0,0.403,0.403,0.0,0.088,0.088,0.0,11
scattered_control_GGX,410,341,69,0.11925,0.216,0.369,0.153,0.193,0.348,0.15499999999999997,0.083,0.225,0.14200000000000002,0.0,0.151,0.151,0.203,0.272,0.069,0.228,0.215,-0.013000000000000012,0.403,0.453,0.04999999999999999,0.088,0.309,0.221,11
block_control_GGX,410,341,69,0.0,0.216,0.216,0.0,0.193,0.193,0.0,0.083,0.083,0.0,0.0,0.0,0.0,0.203,0.203,0.0,0.228,0.228,0.0,0.403,0.403,0.0,0.088,0.088,0.0,11
substitute_GGX,410,410,69,0.0,0.216,0.216,0.0,0.193,0.193,0.0,0.083,0.083,0.0,0.0,0.0,0.0,0.203,0.203,0.0,0.228,0.228,0.0,0.403,0.403,0.0,0.088,0.088,0.0,11
knockout_GPGXX,410,270,140,0.0,0.216,0.216,0.0,0.193,0.193,0.0,0.083,0.083,0.0,0.0,0.0,0.0,0.203,0.203,0.0,0.228,0.228,0.0,0.403,0.403,0.0,0.088,0.088,0.0,11
scattered_control_GPGXX,410,270,140,0.10625000000000001,0.216,0.262,0.04600000000000001,0.193,0.133,-0.06,0.083,0.213,0.13,0.0,0.119,0.119,0.203,0.234,0.031,0.228,0.076,-0.15200000000000002,0.403,0.268,-0.135,0.088,0.265,0.17700000000000002,11
block_control_GPGXX,410,270,140,0.050875,0.216,0.216,0.0,0.193,0.193,0.0,0.083,0.083,0.0,0.0,0.0,0.0,0.203,0.206,0.002999999999999975,0.228,0.127,-0.101,0.403,0.426,0.022999999999999965,0.088,0.368,0.28,11
substitute_GPGXX,410,410,140,0.0,0.216,0.216,0.0,0.193,0.193,0.0,0.083,0.083,0.0,0.0,0.0,0.0,0.203,0.203,0.0,0.228,0.228,0.0,0.403,0.403,0.0,0.088,0.088,0.0,11
termini_only,410,230,180,0.0,0.216,0.216,0.0,0.193,0.193,0.0,0.083,0.083,0.0,0.0,0.0,0.0,0.203,0.203,0.0,0.228,0.228,0.0,0.403,0.403,0.0,0.088,0.088,0.0,11
core_only,410,180,230,0.10625000000000001,0.216,0.262,0.04600000000000001,0.193,0.133,-0.06,0.083,0.213,0.13,0.0,0.119,0.119,0.203,0.234,0.031,0.228,0.076,-0.15200000000000002,0.403,0.268,-0.135,0.088,0.265,0.17700000000000002,11
random_matched,410,410,410,0.19225,0.216,0.278,0.06200000000000003,0.193,0.489,0.296,0.083,0.206,0.12299999999999998,0.0,0.274,0.274,0.203,0.335,0.132,0.228,0.532,0.30400000000000005,0.403,0.277,-0.126,0.088,0.309,0.221,11
point_mutation,410,410,1,0.0,0.216,0.216,0.0,0.193,0.193,0.0,0.083,0.083,0.0,0.0,0.0,0.0,0.203,0.203,0.0,0.228,0.228,0.0,0.403,0.403,0.0,0.088,0.088,0.0,11
shuffle,410,410,410,0.1675,0.418,0.291,-0.127,0.156,0.43,0.274,0.293,0.32,0.027000000000000024,0.218,0.398,0.18000000000000002,0.373,0.348,-0.025000000000000022,0.215,0.582,0.367,0.333,0.214,-0.11900000000000002,0.088,0.309,0.221,12
shuffle_blocks,410,410,410,0.09962499999999999,0.418,0.205,-0.213,0.156,0.17,0.014000000000000012,0.293,0.165,-0.12799999999999997,0.218,0.136,-0.08199999999999999,0.373,0.275,-0.09799999999999998,0.215,0.177,-0.038000000000000006,0.333,0.266,-0.067,0.088,0.245,0.157,12
reverse,410,410,410,0.1675,0.418,0.291,-0.127,0.156,0.43,0.274,0.293,0.32,0.027000000000000024,0.218,0.398,0.18000000000000002,0.373,0.348,-0.025000000000000022,0.215,0.582,0.367,0.333,0.214,-0.11900000000000002,0.088,0.309,0.221,12
knockout_polyA,410,348,62,0.1005,0.418,0.27,-0.14799999999999996,0.156,0.178,0.021999999999999992,0.293,0.326,0.03300000000000003,0.218,0.336,0.11800000000000002,0.373,0.301,-0.07200000000000001,0.215,0.127,-0.088,0.333,0.26,-0.07300000000000001,0.088,0.338,0.25,12
scattered_control_polyA,410,348,62,0.1675,0.418,0.291,-0.127,0.156,0.43,0.274,0.293,0.32,0.027000000000000024,0.218,0.398,0.18000000000000002,0.373,0.348,-0.025000000000000022,0.215,0.582,0.367,0.333,0.214,-0.11900000000000002,0.088,0.309,0.221,12
block_control_polyA,410,348,62,0.1005,0.418,0.27,-0.14799999999999996,0.156,0.178,0.021999999999999992,0.293,0.326,0.03300000000000003,0.218,0.336,0.11800000000000002,0.373,0.301,-0.07200000000000001,0.215,0.127,-0.088,0.333,0.26,-0.07300000000000001,0.088,0.338,0.25,12
substitute_polyA,410,410,62,0.1005,0.418,0.27,-0.14799999999999996,0.156,0.178,0.021999999999999992,0.293,0.326,0.03300000000000003,0.218,0.336,0.11800000000000002,0.373,0.301,-0.07200000000000001,0.215,0.127,-0.088,0.333,0.26,-0.07300000000000001,0.088,0.338,0.25,12
knockout_GGX,410,284,126,0.1005,0.418,0.27,-0.14799999999999996,0.156,0.178,0.021999999999999992,0.293,0.326,0.03300000000000003,0.218,0.336,0.11800000000000002,0.373,0.301,-0.07200000000000001,0.215,0.127,-0.088,0.333,0.26,-0.07300000000000001,0.088,0.338,0.25,12
scattered_control_GGX,410,284,126,0.10975,0.418,0.262,-0.15599999999999997,0.156,0.133,-0.022999999999999993,0.293,0.213,-0.07999999999999999,0.218,0.119,-0.099,0.373,0.234,-0.13899999999999998,0.215,0.076,-0.139,0.333,0.268,-0.065,0.088,0.265,0.17700000000000002,12
block_control_GGX,410,284,126,0.0,0.418,0.418,0.0,0.156,0.156,0.0,0.293,0.293,0.0,0.218,0.218,0.0,0.373,0.373,0.0,0.215,0.215,0.0,0.333,0.333,0.0,0.088,0.088,0.0,12
substitute_GGX,410,410,126,0.08374999999999999,0.418,0.2,-0.21799999999999997,0.156,0.178,0.021999999999999992,0.293,0.249,-0.043999999999999984,0.218,0.214,-0.0040000000000000036,0.373,0.269,-0.10399999999999998,0.215,0.177,-0.038000000000000006,0.333,0.233,-0.1,0.088,0.228,0.14,12
termini_only,410,230,180,0.0,0.418,0.418,0.0,0.156,0.156,0.0,0.293,0.293,0.0,0.218,0.218,0.0,0.373,0.373,0.0,0.215,0.215,0.0,0.333,0.333,0.0,0.088,0.088,0.0,12
core_only,410,180,230,0.1785,0.418,0.338,-0.07999999999999996,0.156,0.504,0.348,0.293,0.203,-0.08999999999999997,0.218,0.139,-0.07899999999999999,0.373,0.203,-0.16999999999999998,0.215,0.266,0.05100000000000002,0.333,0.48,0.14699999999999996,0.088,0.551,0.4630000000000001,12
random_matched,410,410,410,0.1005,0.418,0.27,-0.14799999999999996,0.156,0.178,0.021999999999999992,0.293,0.326,0.03300000000000003,0.218,0.336,0.11800000000000002,0.373,0.301,-0.07200000000000001,0.215,0.127,-0.088,0.333,0.26,-0.07300000000000001,0.088,0.338,0.25,12
point_mutation,410,410,1,0.0,0.418,0.418,0.0,0.156,0.156,0.0,0.293,0.293,0.0,0.218,0.218,0.0,0.373,0.373,0.0,0.215,0.215,0.0,0.333,0.333,0.0,0.088,0.088,0.0,12
shuffle,267,267,267,0.12250000000000001,0.278,0.27,-0.008000000000000007,0.489,0.178,-0.311,0.206,0.326,0.12000000000000002,0.274,0.336,0.062,0.335,0.301,-0.03400000000000003,0.532,0.127,-0.405,0.277,0.266,-0.01100000000000001,0.309,0.338,0.029000000000000026,13
shuffle_blocks,267,267,267,0.16462500000000002,0.278,0.2,-0.07800000000000001,0.489,0.141,-0.348,0.206,0.153,-0.05299999999999999,0.274,0.122,-0.15200000000000002,0.335,0.288,-0.04700000000000004,0.532,0.127,-0.405,0.277,0.264,-0.013000000000000012,0.309,0.088,-0.221,13
reverse,267,267,267,0.05449999999999998,0.278,0.291,0.012999999999999956,0.489,0.43,-0.059,0.206,0.32,0.11400000000000002,0.274,0.398,0.124,0.335,0.348,0.012999999999999956,0.532,0.582,0.04999999999999993,0.277,0.214,-0.06300000000000003,0.309,0.309,0.0,13
knockout_GPGXX,267,212,55,0.0,0.278,0.278,0.0,0.489,0.489,0.0,0.206,0.206,0.0,0.274,0.274,0.0,0.335,0.335,0.0,0.532,0.532,0.0,0.277,0.277,0.0,0.309,0.309,0.0,13
scattered_control_GPGXX,267,212,55,0.05449999999999998,0.278,0.291,0.012999999999999956,0.489,0.43,-0.059,0.206,0.32,0.11400000000000002,0.274,0.398,0.124,0.335,0.348,0.012999999999999956,0.532,0.582,0.04999999999999993,0.277,0.214,-0.06300000000000003,0.309,0.309,0.0,13
block_control_GPGXX,267,212,55,0.12925,0.278,0.205,-0.07300000000000004,0.489,0.17,-0.31899999999999995,0.206,0.165,-0.04099999999999998,0.274,0.136,-0.138,0.335,0.275,-0.06,0.532,0.177,-0.35500000000000004,0.277,0.266,-0.01100000000000001,0.309,0.272,-0.03699999999999998,13
substitute_GPGXX,267,267,55,0.0,0.278,0.278,0.0,0.489,0.489,0.0,0.206,0.206,0.0,0.274,0.274,0.0,0.335,0.335,0.0,0.532,0.532,0.0,0.277,0.277,0.0,0.309,0.309,0.0,13
termini_only,267,230,37,0.0,0.278,0.278,0.0,0.489,0.489,0.0,0.206,0.206,0.0,0.274,0.274,0.0,0.335,0.335,0.0,0.532,0.532,0.0,0.277,0.277,0.0,0.309,0.309,0.0,13
core_only,267,37,230,0.11274999999999999,0.278,0.262,-0.016000000000000014,0.489,0.133,-0.356,0.206,0.202,-0.003999999999999976,0.274,0.215,-0.059000000000000025,0.335,0.291,-0.04400000000000004,0.532,0.152,-0.38,0.277,0.283,0.00599999999999995,0.309,0.272,-0.03699999999999998,13
random_matched,267,267,267,0.05449999999999998,0.278,0.291,0.012999999999999956,0.489,0.43,-0.059,0.206,0.32,0.11400000000000002,0.274,0.398,0.124,0.335,0.348,0.012999999999999956,0.532,0.582,0.04999999999999993,0.277,0.214,-0.06300000000000003,0.309,0.309,0.0,13
point_mutation,267,267,1,0.0,0.278,0.278,0.0,0.489,0.489,0.0,0.206,0.206,0.0,0.274,0.274,0.0,0.335,0.335,0.0,0.532,0.532,0.0,0.277,0.277,0.0,0.309,0.309,0.0,13
shuffle,665,665,665,0.173,0.338,0.27,-0.068,0.504,0.178,-0.326,0.203,0.326,0.123,0.139,0.336,0.197,0.203,0.301,0.09799999999999998,0.266,0.127,-0.139,0.48,0.26,-0.21999999999999997,0.551,0.338,-0.21300000000000002,14
shuffle_blocks,665,665,665,0.18325,0.338,0.291,-0.04700000000000004,0.504,0.43,-0.07400000000000001,0.203,0.32,0.11699999999999999,0.139,0.398,0.259,0.203,0.348,0.14499999999999996,0.266,0.582,0.31599999999999995,0.48,0.214,-0.266,0.551,0.309,-0.24200000000000005,14
reverse,665,665,665,0.18325,0.338,0.291,-0.04700000000000004,0.504,0.43,-0.07400000000000001,0.203,0.32,0.11699999999999999,0.139,0.398,0.259,0.203,0.348,0.14499999999999996,0.266,0.582,0.31599999999999995,0.48,0.214,-0.266,0.551,0.309,-0.24200000000000005,14
knockout_polyA,665,549,116,0.173,0.338,0.27,-0.068,0.504,0.178,-0.326,0.203,0.326,0.123,0.139,0.336,0.197,0.203,0.301,0.09799999999999998,0.266,0.127,-0.139,0.48,0.26,-0.21999999999999997,0.551,0.338,-0.21300000000000002,14
scattered_control_polyA,665,549,116,0.18325,0.338,0.291,-0.04700000000000004,0.504,0.43,-0.07400000000000001,0.203,0.32,0.11699999999999999,0.139,0.398,0.259,0.203,0.348,0.14499999999999996,0.266,0.582,0.31599999999999995,0.48,0.214,-0.266,0.551,0.309,-0.24200000000000005,14
block_control_polyA,665,549,116,0.0,0.338,0.338,0.0,0.504,0.504,0.0,0.203,0.203,0.0,0.139,0.139,0.0,0.203,0.203,0.0,0.266,0.266,0.0,0.48,0.48,0.0,0.551,0.551,0.0,14
substitute_polyA,665,665,116,0.173,0.338,0.27,-0.068,0.504,0.178,-0.326,0.203,0.326,0.123,0.139,0.336,0.197,0.203,0.301,0.09799999999999998,0.266,0.127,-0.139,0.48,0.26,-0.21999999999999997,0.551,0.338,-0.21300000000000002,14
knockout_GGX,665,596,69,0.18325,0.338,0.291,-0.04700000000000004,0.504,0.43,-0.07400000000000001,0.203,0.32,0.11699999999999999,0.139,0.398,0.259,0.203,0.348,0.14499999999999996,0.266,0.582,0.31599999999999995,0.48,0.214,-0.266,0.551,0.309,-0.24200000000000005,14
scattered_control_GGX,665,596,69,0.0,0.338,0.338,0.0,0.504,0.504,0.0,0.203,0.203,0.0,0.139,0.139,0.0,0.203,0.203,0.0,0.266,0.266,0.0,0.48,0.48,0.0,0.551,0.551,0.0,14
block_control_GGX,665,596,69,0.0,0.338,0.338,0.0,0.504,0.504,0.0,0.203,0.203,0.0,0.139,0.139,0.0,0.203,0.203,0.0,0.266,0.266,0.0,0.48,0.48,0.0,0.551,0.551,0.0,14
substitute_GGX,665,665,69,0.0,0.338,0.338,0.0,0.504,0.504,0.0,0.203,0.203,0.0,0.139,0.139,0.0,0.203,0.203,0.0,0.266,0.266,0.0,0.48,0.48,0.0,0.551,0.551,0.0,14
knockout_GPGXX,665,635,30,0.26849999999999996,0.338,0.626,0.288,0.504,0.17,-0.33399999999999996,0.203,0.418,0.21499999999999997,0.139,0.313,0.174,0.203,0.649,0.446,0.266,0.177,-0.08900000000000002,0.48,0.341,-0.13899999999999996,0.551,0.088,-0.4630000000000001,14
scattered_control_GPGXX,665,635,30,0.26849999999999996,0.338,0.626,0.288,0.504,0.17,-0.33399999999999996,0.203,0.418,0.21499999999999997,0.139,0.313,0.174,0.203,0.649,0.446,0.266,0.177,-0.08900000000000002,0.48,0.341,-0.13899999999999996,0.551,0.088,-0.4630000000000001,14
block_control_GPGXX,665,635,30,0.0,0.338,0.338,0.0,0.504,0.504,0.0,0.203,0.203,0.0,0.139,0.139,0.0,0.203,0.203,0.0,0.266,0.266,0.0,0.48,0.48,0.0,0.551,0.551,0.0,14
substitute_GPGXX,665,665,30,0.0,0.338,0.338,0.0,0.504,0.504,0.0,0.203,0.203,0.0,0.139,0.139,0.0,0.203,0.203,0.0,0.266,0.266,0.0,0.48,0.48,0.0,0.551,0.551,0.0,14
termini_only,665,230,435,0.26849999999999996,0.338,0.626,0.288,0.504,0.17,-0.33399999999999996,0.203,0.418,0.21499999999999997,0.139,0.313,0.174,0.203,0.649,0.446,0.266,0.177,-0.08900000000000002,0.48,0.341,-0.13899999999999996,0.551,0.088,-0.4630000000000001,14
core_only,665,435,230,0.3815,0.338,0.213,-0.12500000000000003,0.504,0.2,-0.304,0.203,0.648,0.445,0.139,0.938,0.7989999999999999,0.203,0.478,0.27499999999999997,0.266,0.443,0.177,0.48,0.075,-0.40499999999999997,0.551,0.029,-0.522,14
random_matched,665,665,665,0.17149999999999999,0.338,0.27,-0.068,0.504,0.178,-0.326,0.203,0.402,0.199,0.139,0.314,0.175,0.203,0.22,0.016999999999999987,0.266,0.364,0.09799999999999998,0.48,0.274,-0.20599999999999996,0.551,0.268,-0.28300000000000003,14
point_mutation,665,665,1,0.0,0.338,0.338,0.0,0.504,0.504,0.0,0.203,0.203,0.0,0.139,0.139,0.0,0.203,0.203,0.0,0.266,0.266,0.0,0.48,0.48,0.0,0.551,0.551,0.0,14
shuffle,364,364,364,0.17275000000000001,0.421,0.291,-0.13,0.178,0.43,0.252,0.402,0.32,-0.08200000000000002,0.212,0.398,0.18600000000000003,0.551,0.348,-0.20300000000000007,0.165,0.582,0.4169999999999999,0.168,0.214,0.045999999999999985,0.243,0.309,0.066,15
shuffle_blocks,364,364,364,0.14400000000000002,0.421,0.299,-0.122,0.178,0.43,0.252,0.402,0.229,-0.17300000000000001,0.212,0.398,0.18600000000000003,0.551,0.453,-0.09800000000000003,0.165,0.256,0.091,0.168,0.272,0.10400000000000001,0.243,0.369,0.126,15
reverse,364,364,364,0.12675000000000003,0.421,0.262,-0.15899999999999997,0.178,0.133,-0.044999999999999984,0.402,0.213,-0.18900000000000003,0.212,0.119,-0.093,0.551,0.234,-0.31700000000000006,0.165,0.076,-0.08900000000000001,0.168,0.268,0.1,0.243,0.265,0.02200000000000002,15
knockout_polyA,364,323,41,0.0,0.421,0.421,0.0,0.178,0.178,0.0,0.402,0.402,0.0,0.212,0.212,0.0,0.551,0.551,0.0,0.165,0.165,0.0,0.168,0.168,0.0,0.243,0.243,0.0,15
scattered_control_polyA,364,323,41,0.08862500000000001,0.421,0.405,-0.01599999999999996,0.178,0.17,-0.00799999999999998,0.402,0.462,0.06,0.212,0.675,0.4630000000000001,0.551,0.674,0.123,0.165,0.165,0.0,0.168,0.17,0.0020000000000000018,0.243,0.206,-0.037000000000000005,15
block_control_polyA,364,323,41,0.0,0.421,0.421,0.0,0.178,0.178,0.0,0.402,0.402,0.0,0.212,0.212,0.0,0.551,0.551,0.0,0.165,0.165,0.0,0.168,0.168,0.0,0.243,0.243,0.0,15
substitute_polyA,364,364,41,0.0,0.421,0.421,0.0,0.178,0.178,0.0,0.402,0.402,0.0,0.212,0.212,0.0,0.551,0.551,0.0,0.165,0.165,0.0,0.168,0.168,0.0,0.243,0.243,0.0,15
knockout_GGX,364,238,126,0.12675000000000003,0.421,0.262,-0.15899999999999997,0.178,0.133,-0.044999999999999984,0.402,0.213,-0.18900000000000003,0.212,0.119,-0.093,0.551,0.234,-0.31700000000000006,0.165,0.076,-0.08900000000000001,0.168,0.268,0.1,0.243,0.265,0.02200000000000002,15
scattered_control_GGX,364,238,126,0.12675000000000003,0.421,0.262,-0.15899999999999997,0.178,0.133,-0.044999999999999984,0.402,0.213,-0.18900000000000003,0.212,0.119,-0.093,0.551,0.234,-0.31700000000000006,0.165,0.076,-0.08900000000000001,0.168,0.268,0.1,0.243,0.265,0.02200000000000002,15
block_control_GGX,364,238,126,0.119,0.421,0.205,-0.216,0.178,0.17,-0.00799999999999998,0.402,0.165,-0.23700000000000002,0.212,0.136,-0.07599999999999998,0.551,0.275,-0.276,0.165,0.177,0.011999999999999983,0.168,0.266,0.098,0.243,0.272,0.029000000000000026,15
substitute_GGX,364,364,126,0.14825,0.421,0.205,-0.216,0.178,0.17,-0.00799999999999998,0.402,0.138,-0.264,0.212,0.084,-0.128,0.551,0.326,-0.22500000000000003,0.165,0.203,0.038000000000000006,0.168,0.38,0.212,0.243,0.338,0.09500000000000003,15
termini_only,364,230,134,0.0,0.421,0.421,0.0,0.178,0.178,0.0,0.402,0.402,0.0,0.212,0.212,0.0,0.551,0.551,0.0,0.165,0.165,0.0,0.168,0.168,0.0,0.243,0.243,0.0,15
core_only,364,134,230,0.2325,0.421,0.213,-0.208,0.178,0.2,0.02200000000000002,0.402,0.648,0.246,0.212,0.938,0.726,0.551,0.478,-0.07300000000000006,0.165,0.443,0.278,0.168,0.075,-0.09300000000000001,0.243,0.029,-0.214,15
random_matched,364,364,364,0.18375,0.421,0.278,-0.14299999999999996,0.178,0.489,0.311,0.402,0.206,-0.19600000000000004,0.212,0.274,0.06200000000000003,0.551,0.335,-0.21600000000000003,0.165,0.532,0.367,0.168,0.277,0.10900000000000001,0.243,0.309,0.066,15
point_mutation,364,364,1,0.0,0.421,0.421,0.0,0.178,0.178,0.0,0.402,0.402,0.0,0.212,0.212,0.0,0.551,0.551,0.0,0.165,0.165,0.0,0.168,0.168,0.0,0.243,0.243,0.0,15
shuffle,303,303,303,0.109375,0.314,0.353,0.03899999999999998,0.252,0.222,-0.03,0.242,0.413,0.17099999999999999,0.258,0.357,0.09899999999999998,0.377,0.275,-0.10199999999999998,0.43,0.114,-0.316,0.318,0.326,0.008000000000000007,0.272,0.382,0.10999999999999999,16
shuffle_blocks,303,303,303,0.111625,0.314,0.262,-0.05199999999999999,0.252,0.133,-0.119,0.242,0.213,-0.028999999999999998,0.258,0.119,-0.139,0.377,0.234,-0.143,0.43,0.076,-0.354,0.318,0.268,-0.04999999999999999,0.272,0.265,-0.007000000000000006,16
reverse,303,303,303,0.135,0.314,0.2,-0.11399999999999999,0.252,0.141,-0.11100000000000002,0.242,0.153,-0.089,0.258,0.122,-0.136,0.377,0.288,-0.08900000000000002,0.43,0.127,-0.303,0.318,0.264,-0.05399999999999999,0.272,0.088,-0.18400000000000002,16
knockout_polyA,303,246,57,0.111625,0.314,0.262,-0.05199999999999999,0.252,0.133,-0.119,0.242,0.213,-0.028999999999999998,0.258,0.119,-0.139,0.377,0.234,-0.143,0.43,0.076,-0.354,0.318,0.268,-0.04999999999999999,0.272,0.265,-0.007000000000000006,16
scattered_control_polyA,303,246,57,0.09962499999999999,0.314,0.205,-0.10900000000000001,0.252,0.17,-0.08199999999999999,0.242,0.165,-0.07699999999999999,0.258,0.136,-0.122,0.377,0.275,-0.10199999999999998,0.43,0.177,-0.253,0.318,0.266,-0.05199999999999999,0.272,0.272,0.0,16
block_control_polyA,303,246,57,0.0,0.314,0.314,0.0,0.252,0.252,0.0,0.242,0.242,0.0,0.258,0.258,0.0,0.377,0.377,0.0,0.43,0.43,0.0,0.318,0.318,0.0,0.272,0.272,0.0,16
substitute_polyA,303,303,57,0.0,0.314,0.314,0.0,0.252,0.252,0.0,0.242,0.242,0.0,0.258,0.258,0.0,0.377,0.377,0.0,0.43,0.43,0.0,0.318,0.318,0.0,0.272,0.272,0.0,16
knockout_GGX,303,282,21,0.0,0.314,0.314,0.0,0.252,0.252,0.0,0.242,0.242,0.0,0.258,0.258,0.0,0.377,0.377,0.0,0.43,0.43,0.0,0.318,0.318,0.0,0.272,0.272,0.0,16
scattered_control_GGX,303,282,21,0.0,0.314,0.314,0.0,0.252,0.252,0.0,0.242,0.242,0.0,0.258,0.258,0.0,0.377,0.377,0.0,0.43,0.43,0.0,0.318,0.318,0.0,0.272,0.272,0.0,16
block_control_GGX,303,282,21,0.0,0.314,0.314,0.0,0.252,0.252,0.0,0.242,0.242,0.0,0.258,0.258,0.0,0.377,0.377,0.0,0.43,0.43,0.0,0.318,0.318,0.0,0.272,0.272,0.0,16
substitute_GGX,303,303,21,0.0,0.314,0.314,0.0,0.252,0.252,0.0,0.242,0.242,0.0,0.258,0.258,0.0,0.377,0.377,0.0,0.43,0.43,0.0,0.318,0.318,0.0,0.272,0.272,0.0,16
knockout_GPGXX,303,233,70,0.0,0.314,0.314,0.0,0.252,0.252,0.0,0.242,0.242,0.0,0.258,0.258,0.0,0.377,0.377,0.0,0.43,0.43,0.0,0.318,0.318,0.0,0.272,0.272,0.0,16
scattered_control_GPGXX,303,233,70,0.092625,0.314,0.291,-0.02300000000000002,0.252,0.43,0.178,0.242,0.32,0.07800000000000001,0.258,0.398,0.14,0.377,0.348,-0.029000000000000026,0.43,0.582,0.15199999999999997,0.318,0.214,-0.10400000000000001,0.272,0.309,0.03699999999999998,16
block_control_GPGXX,303,233,70,0.12162499999999998,0.314,0.319,0.0050000000000000044,0.252,0.252,0.0,0.242,0.345,0.10299999999999998,0.258,0.16,-0.098,0.377,0.633,0.256,0.43,0.139,-0.291,0.318,0.179,-0.139,0.272,0.191,-0.08100000000000002,16
substitute_GPGXX,303,303,70,0.089,0.314,0.294,-0.020000000000000018,0.252,0.207,-0.04500000000000001,0.242,0.162,-0.07999999999999999,0.258,0.146,-0.11200000000000002,0.377,0.196,-0.181,0.43,0.165,-0.265,0.318,0.32,0.0020000000000000018,0.272,0.265,-0.007000000000000006,16
termini_only,303,230,73,0.0,0.314,0.314,0.0,0.252,0.252,0.0,0.242,0.242,0.0,0.258,0.258,0.0,0.377,0.377,0.0,0.43,0.43,0.0,0.318,0.318,0.0,0.272,0.272,0.0,16
core_only,303,73,230,0.135,0.314,0.2,-0.11399999999999999,0.252,0.141,-0.11100000000000002,0.242,0.153,-0.089,0.258,0.122,-0.136,0.377,0.288,-0.08900000000000002,0.43,0.127,-0.303,0.318,0.264,-0.05399999999999999,0.272,0.088,-0.18400000000000002,16
random_matched,303,303,303,0.097875,0.314,0.27,-0.043999999999999984,0.252,0.178,-0.07400000000000001,0.242,0.326,0.08400000000000002,0.258,0.336,0.07800000000000001,0.377,0.301,-0.07600000000000001,0.43,0.127,-0.303,0.318,0.26,-0.057999999999999996,0.272,0.338,0.066,16
point_mutation,303,303,1,0.0,0.314,0.314,0.0,0.252,0.252,0.0,0.242,0.242,0.0,0.258,0.258,0.0,0.377,0.377,0.0,0.43,0.43,0.0,0.318,0.318,0.0,0.272,0.272,0.0,16
shuffle,677,677,677,0.275375,0.247,0.213,-0.034,0.141,0.2,0.059000000000000025,0.167,0.648,0.481,0.218,0.938,0.72,0.335,0.478,0.14299999999999996,0.114,0.443,0.329,0.247,0.075,-0.172,0.294,0.029,-0.26499999999999996,17
shuffle_blocks,677,677,677,0.067125,0.247,0.203,-0.043999999999999984,0.141,0.119,-0.021999999999999992,0.167,0.162,-0.0050000000000000044,0.218,0.052,-0.166,0.335,0.199,-0.136,0.114,0.013,-0.101,0.247,0.281,0.03400000000000003,0.294,0.265,-0.02899999999999997,17
reverse,677,677,677,0.067125,0.247,0.203,-0.043999999999999984,0.141,0.119,-0.021999999999999992,0.167,0.162,-0.0050000000000000044,0.218,0.052,-0.166,0.335,0.199,-0.136,0.114,0.013,-0.101,0.247,0.281,0.03400000000000003,0.294,0.265,-0.02899999999999997,17
knockout_polyA,677,540,137,0.0,0.247,0.247,0.0,0.141,0.141,0.0,0.167,0.167,0.0,0.218,0.218,0.0,0.335,0.335,0.0,0.114,0.114,0.0,0.247,0.247,0.0,0.294,0.294,0.0,17
scattered_control_polyA,677,540,137,0.05500000000000001,0.247,0.2,-0.046999999999999986,0.141,0.141,0.0,0.167,0.153,-0.014000000000000012,0.218,0.122,-0.096,0.335,0.288,-0.04700000000000004,0.114,0.127,0.012999999999999998,0.247,0.264,0.017000000000000015,0.294,0.088,-0.206,17
block_control_polyA,677,540,137,0.0,0.247,0.247,0.0,0.141,0.141,0.0,0.167,0.167,0.0,0.218,0.218,0.0,0.335,0.335,0.0,0.114,0.114,0.0,0.247,0.247,0.0,0.294,0.294,0.0,17
substitute_polyA,677,677,137,0.07975,0.247,0.205,-0.04200000000000001,0.141,0.17,0.029000000000000026,0.167,0.162,-0.0050000000000000044,0.218,0.052,-0.166,0.335,0.267,-0.068,0.114,0.206,0.09199999999999998,0.247,0.114,-0.133,0.294,0.191,-0.10299999999999998,17
knockout_GGX,677,575,102,0.05500000000000001,0.247,0.2,-0.046999999999999986,0.141,0.141,0.0,0.167,0.153,-0.014000000000000012,0.218,0.122,-0.096,0.335,0.288,-0.04700000000000004,0.114,0.127,0.012999999999999998,0.247,0.264,0.017000000000000015,0.294,0.088,-0.206,17
scattered_control_GGX,677,575,102,0.05500000000000001,0.247,0.2,-0.046999999999999986,0.141,0.141,0.0,0.167,0.153,-0.014000000000000012,0.218,0.122,-0.096,0.335,0.288,-0.04700000000000004,0.114,0.127,0.012999999999999998,0.247,0.264,0.017000000000000015,0.294,0.088,-0.206,17
block_control_GGX,677,575,102,0.0,0.247,0.247,0.0,0.141,0.141,0.0,0.167,0.167,0.0,0.218,0.218,0.0,0.335,0.335,0.0,0.114,0.114,0.0,0.247,0.247,0.0,0.294,0.294,0.0,17
substitute_GGX,677,677,102,0.05500000000000001,0.247,0.2,-0.046999999999999986,0.141,0.141,0.0,0.167,0.153,-0.014000000000000012,0.218,0.122,-0.096,0.335,0.288,-0.04700000000000004,0.114,0.127,0.012999999999999998,0.247,0.264,0.017000000000000015,0.294,0.088,-0.206,17
knockout_GPGXX,677,342,335,0.039875,0.247,0.205,-0.04200000000000001,0.141,0.17,0.029000000000000026,0.167,0.165,-0.0020000000000000018,0.218,0.136,-0.08199999999999999,0.335,0.275,-0.06,0.114,0.177,0.06299999999999999,0.247,0.266,0.019000000000000017,0.294,0.272,-0.021999999999999964,17
scattered_control_GPGXX,677,342,335,0.039875,0.247,0.205,-0.04200000000000001,0.141,0.17,0.029000000000000026,0.167,0.165,-0.0020000000000000018,0.218,0.136,-0.08199999999999999,0.335,0.275,-0.06,0.114,0.177,0.06299999999999999,0.247,0.266,0.019000000000000017,0.294,0.272,-0.021999999999999964,17
block_control_GPGXX,677,342,335,0.05500000000000001,0.247,0.2,-0.046999999999999986,0.141,0.141,0.0,0.167,0.153,-0.014000000000000012,0.218,0.122,-0.096,0.335,0.288,-0.04700000000000004,0.114,0.127,0.012999999999999998,0.247,0.264,0.017000000000000015,0.294,0.088,-0.206,17
substitute_GPGXX,677,677,335,0.05500000000000001,0.247,0.2,-0.046999999999999986,0.141,0.141,0.0,0.167,0.153,-0.014000000000000012,0.218,0.122,-0.096,0.335,0.288,-0.04700000000000004,0.114,0.127,0.012999999999999998,0.247,0.264,0.017000000000000015,0.294,0.088,-0.206,17
termini_only,677,230,447,0.039875,0.247,0.205,-0.04200000000000001,0.141,0.17,0.029000000000000026,0.167,0.165,-0.0020000000000000018,0.218,0.136,-0.08199999999999999,0.335,0.275,-0.06,0.114,0.177,0.06299999999999999,0.247,0.266,0.019000000000000017,0.294,0.272,-0.021999999999999964,17
core_only,677,447,230,0.05500000000000001,0.247,0.2,-0.046999999999999986,0.141,0.141,0.0,0.167,0.153,-0.014000000000000012,0.218,0.122,-0.096,0.335,0.288,-0.04700000000000004,0.114,0.127,0.012999999999999998,0.247,0.264,0.017000000000000015,0.294,0.088,-0.206,17
random_matched,677,677,677,0.08424999999999999,0.247,0.361,0.11399999999999999,0.141,0.252,0.11100000000000002,0.167,0.262,0.095,0.218,0.266,0.048000000000000015,0.335,0.453,0.118,0.114,0.152,0.03799999999999999,0.247,0.287,0.03999999999999998,0.294,0.404,0.11000000000000004,17
point_mutation,677,677,1,0.0,0.247,0.247,0.0,0.141,0.141,0.0,0.167,0.167,0.0,0.218,0.218,0.0,0.335,0.335,0.0,0.114,0.114,0.0,0.247,0.247,0.0,0.294,0.294,0.0,17
shuffle,378,378,378,0.07999999999999999,0.249,0.291,0.04199999999999998,0.43,0.43,0.0,0.229,0.32,0.091,0.139,0.398,0.259,0.408,0.348,-0.06,0.456,0.582,0.12599999999999995,0.189,0.214,0.024999999999999994,0.346,0.309,-0.03699999999999998,18
shuffle_blocks,378,378,378,0.16699999999999998,0.249,0.203,-0.045999999999999985,0.43,0.119,-0.311,0.229,0.162,-0.067,0.139,0.052,-0.08700000000000002,0.408,0.199,-0.20899999999999996,0.456,0.013,-0.443,0.189,0.281,0.09200000000000003,0.346,0.265,-0.08099999999999996,18
reverse,378,378,378,0.24975,0.249,0.213,-0.036000000000000004,0.43,0.2,-0.22999999999999998,0.229,0.648,0.41900000000000004,0.139,0.938,0.7989999999999999,0.408,0.478,0.07,0.456,0.443,-0.013000000000000012,0.189,0.075,-0.114,0.346,0.029,-0.31699999999999995,18
knockout_polyA,378,362,16,0.151625,0.249,0.2,-0.04899999999999999,0.43,0.141,-0.28900000000000003,0.229,0.153,-0.07600000000000001,0.139,0.122,-0.017000000000000015,0.408,0.288,-0.12,0.456,0.127,-0.329,0.189,0.264,0.07500000000000001,0.346,0.088,-0.258,18
scattered_control_polyA,378,362,16,0.0,0.249,0.249,0.0,0.43,0.43,0.0,0.229,0.229,0.0,0.139,0.139,0.0,0.408,0.408,0.0,0.456,0.456,0.0,0.189,0.189,0.0,0.346,0.346,0.0,18
block_control_polyA,378,362,16,0.0,0.249,0.249,0.0,0.43,0.43,0.0,0.229,0.229,0.0,0.139,0.139,0.0,0.408,0.408,0.0,0.456,0.456,0.0,0.189,0.189,0.0,0.346,0.346,0.0,18
substitute_polyA,378,378,16,0.0,0.249,0.249,0.0,0.43,0.43,0.0,0.229,0.229,0.0,0.139,0.139,0.0,0.408,0.408,0.0,0.456,0.456,0.0,0.189,0.189,0.0,0.346,0.346,0.0,18
knockout_GPGXX,378,308,70,0.151625,0.249,0.2,-0.04899999999999999,0.43,0.141,-0.28900000000000003,0.229,0.153,-0.07600000000000001,0.139,0.122,-0.017000000000000015,0.408,0.288,-0.12,0.456,0.127,-0.329,0.189,0.264,0.07500000000000001,0.346,0.088,-0.258,18
scattered_control_GPGXX,378,308,70,0.1325,0.249,0.262,0.013000000000000012,0.43,0.133,-0.297,0.229,0.213,-0.016000000000000014,0.139,0.119,-0.020000000000000018,0.408,0.234,-0.17399999999999996,0.456,0.076,-0.38,0.189,0.268,0.07900000000000001,0.346,0.265,-0.08099999999999996,18
block_control_GPGXX,378,308,70,0.0,0.249,0.249,0.0,0.43,0.43,0.0,0.229,0.229,0.0,0.139,0.139,0.0,0.408,0.408,0.0,0.456,0.456,0.0,0.189,0.189,0.0,0.346,0.346,0.0,18
substitute_GPGXX,378,378,70,0.12175,0.249,0.205,-0.04400000000000001,0.43,0.17,-0.26,0.229,0.165,-0.064,0.139,0.136,-0.0030000000000000027,0.408,0.247,-0.16099999999999998,0.456,0.127,-0.329,0.189,0.266,0.07700000000000001,0.346,0.382,0.03600000000000003,18
termini_only,378,230,148,0.151625,0.249,0.2,-0.04899999999999999,0.43,0.141,-0.28900000000000003,0.229,0.153,-0.07600000000000001,0.139,0.122,-0.017000000000000015,0.408,0.288,-0.12,0.456,0.127,-0.329,0.189,0.264,0.07500000000000001,0.346,0.088,-0.258,18
core_only,378,148,230,0.07999999999999999,0.249,0.291,0.04199999999999998,0.43,0.43,0.0,0.229,0.32,0.091,0.139,0.398,0.259,0.408,0.348,-0.06,0.456,0.582,0.12599999999999995,0.189,0.214,0.024999999999999994,0.346,0.309,-0.03699999999999998,18
random_matched,378,378,378,0.12687500000000002,0.249,0.613,0.364,0.43,0.43,0.0,0.229,0.339,0.11000000000000001,0.139,0.215,0.07599999999999998,0.408,0.44,0.03200000000000003,0.456,0.203,-0.253,0.189,0.266,0.07700000000000001,0.346,0.449,0.10300000000000004,18
point_mutation,378,378,1,0.151625,0.249,0.2,-0.04899999999999999,0.43,0.141,-0.28900000000000003,0.229,0.153,-0.07600000000000001,0.139,0.122,-0.017000000000000015,0.408,0.288,-0.12,0.456,0.127,-0.329,0.189,0.264,0.07500000000000001,0.346,0.088,-0.258,18
shuffle,445,445,445,0.31425,0.582,0.213,-0.369,0.237,0.2,-0.03699999999999998,0.309,0.648,0.339,0.125,0.938,0.813,0.408,0.478,0.07,0.114,0.443,0.329,0.418,0.075,-0.34299999999999997,0.243,0.029,-0.214,19
shuffle_blocks,445,445,445,0.13624999999999998,0.582,0.244,-0.33799999999999997,0.237,0.207,-0.03,0.309,0.153,-0.156,0.125,0.04,-0.08499999999999999,0.408,0.301,-0.10699999999999998,0.114,0.291,0.177,0.418,0.453,0.03500000000000003,0.243,0.081,-0.16199999999999998,19
reverse,445,445,445,0.19575,0.582,0.291,-0.291,0.237,0.43,0.193,0.309,0.32,0.01100000000000001,0.125,0.398,0.273,0.408,0.348,-0.06,0.114,0.582,0.46799999999999997,0.418,0.214,-0.204,0.243,0.309,0.066,19
knockout_polyA,445,376,69,0.074125,0.582,0.514,-0.06799999999999995,0.237,0.23,-0.0069999999999999785,0.309,0.246,-0.063,0.125,0.277,0.15200000000000002,0.408,0.375,-0.032999999999999974,0.114,0.241,0.127,0.418,0.547,0.12900000000000006,0.243,0.257,0.014000000000000012,19
scattered_control_polyA,445,376,69,0.19575,0.582,0.291,-0.291,0.237,0.43,0.193,0.309,0.32,0.01100000000000001,0.125,0.398,0.273,0.408,0.348,-0.06,0.114,0.582,0.46799999999999997,0.418,0.214,-0.204,0.243,0.309,0.066,19
block_control_polyA,445,376,69,0.061000000000000006,0.582,0.512,-0.06999999999999995,0.237,0.333,0.09600000000000003,0.309,0.306,-0.0030000000000000027,0.125,0.108,-0.017,0.408,0.449,0.041000000000000036,0.114,0.051,-0.063,0.418,0.308,-0.10999999999999999,0.243,0.331,0.08800000000000002,19
substitute_polyA,445,445,69,0.138125,0.582,0.551,-0.030999999999999917,0.237,0.615,0.378,0.309,0.214,-0.095,0.125,0.102,-0.023000000000000007,0.408,0.31,-0.09799999999999998,0.114,0.278,0.16400000000000003,0.418,0.528,0.11000000000000004,0.243,0.449,0.20600000000000002,19
knockout_GGX,445,367,78,0.12724999999999997,0.582,0.294,-0.288,0.237,0.133,-0.10399999999999998,0.309,0.287,-0.02200000000000002,0.125,0.419,0.294,0.408,0.405,-0.002999999999999947,0.114,0.076,-0.038000000000000006,0.418,0.272,-0.14599999999999996,0.243,0.366,0.123,19
scattered_control_GGX,445,367,78,0.11399999999999999,0.582,0.294,-0.288,0.237,0.207,-0.03,0.309,0.153,-0.156,0.125,0.146,0.02099999999999999,0.408,0.345,-0.063,0.114,0.177,0.06299999999999999,0.418,0.266,-0.15199999999999997,0.243,0.382,0.139,19
block_control_GGX,445,367,78,0.061000000000000006,0.582,0.512,-0.06999999999999995,0.237,0.333,0.09600000000000003,0.309,0.306,-0.0030000000000000027,0.125,0.108,-0.017,0.408,0.449,0.041000000000000036,0.114,0.051,-0.063,0.418,0.308,-0.10999999999999999,0.243,0.331,0.08800000000000002,19
substitute_GGX,445,445,78,0.134875,0.582,0.2,-0.38199999999999995,0.237,0.141,-0.096,0.309,0.153,-0.156,0.125,0.122,-0.0030000000000000027,0.408,0.288,-0.12,0.114,0.127,0.012999999999999998,0.418,0.264,-0.15399999999999997,0.243,0.088,-0.155,19
knockout_GPGXX,445,280,165,0.138125,0.582,0.551,-0.030999999999999917,0.237,0.615,0.378,0.309,0.214,-0.095,0.125,0.102,-0.023000000000000007,0.408,0.31,-0.09799999999999998,0.114,0.278,0.16400000000000003,0.418,0.528,0.11000000000000004,0.243,0.449,0.20600000000000002,19
scattered_control_GPGXX,445,280,165,0.087125,0.582,0.294,-0.288,0.237,0.207,-0.03,0.309,0.159,-0.15,0.125,0.184,0.059,0.408,0.287,-0.121,0.114,0.127,0.012999999999999998,0.418,0.441,0.02300000000000002,0.243,0.256,0.013000000000000012,19
block_control_GPGXX,445,280,165,0.05887499999999999,0.582,0.514,-0.06799999999999995,0.237,0.23,-0.0069999999999999785,0.309,0.246,-0.063,0.125,0.277,0.15200000000000002,0.408,0.378,-0.02999999999999997,0.114,0.241,0.127,0.418,0.408,-0.010000000000000009,0.243,0.257,0.014000000000000012,19
substitute_GPGXX,445,445,165,0.134875,0.582,0.2,-0.38199999999999995,0.237,0.141,-0.096,0.309,0.153,-0.156,0.125,0.122,-0.0030000000000000027,0.408,0.288,-0.12,0.114,0.127,0.012999999999999998,0.418,0.264,-0.15399999999999997,0.243,0.088,-0.155,19
termini_only,445,230,215,0.061000000000000006,0.582,0.512,-0.06999999999999995,0.237,0.333,0.09600000000000003,0.309,0.306,-0.0030000000000000027,0.125,0.108,-0.017,0.408,0.449,0.041000000000000036,0.114,0.051,-0.063,0.418,0.308,-0.10999999999999999,0.243,0.331,0.08800000000000002,19
core_only,445,215,230,0.134875,0.582,0.2,-0.38199999999999995,0.237,0.141,-0.096,0.309,0.153,-0.156,0.125,0.122,-0.0030000000000000027,0.408,0.288,-0.12,0.114,0.127,0.012999999999999998,0.418,0.264,-0.15399999999999997,0.243,0.088,-0.155,19
random_matched,445,445,445,0.134125,0.582,0.27,-0.31199999999999994,0.237,0.178,-0.059,0.309,0.402,0.09300000000000003,0.125,0.365,0.24,0.408,0.266,-0.14199999999999996,0.114,0.096,-0.018000000000000002,0.418,0.326,-0.09199999999999997,0.243,0.36,0.11699999999999999,19
point_mutation,445,445,1,0.0,0.582,0.582,0.0,0.237,0.237,0.0,0.309,0.309,0.0,0.125,0.125,0.0,0.408,0.408,0.0,0.114,0.114,0.0,0.418,0.418,0.0,0.243,0.243,0.0,19
shuffle,375,375,375,0.197125,0.491,0.27,-0.22099999999999997,0.496,0.178,-0.318,0.169,0.326,0.157,0.102,0.336,0.23400000000000004,0.472,0.301,-0.17099999999999999,0.215,0.127,-0.088,0.464,0.26,-0.20400000000000001,0.522,0.338,-0.184,20
shuffle_blocks,375,375,375,0.16037500000000002,0.491,0.278,-0.21299999999999997,0.496,0.489,-0.007000000000000006,0.169,0.206,0.03699999999999998,0.102,0.274,0.17200000000000004,0.472,0.335,-0.13699999999999996,0.215,0.532,0.31700000000000006,0.464,0.277,-0.187,0.522,0.309,-0.21300000000000002,20
reverse,375,375,375,0.1405,0.491,0.294,-0.197,0.496,0.23,-0.266,0.169,0.168,-0.0010000000000000009,0.102,0.126,0.024000000000000007,0.472,0.313,-0.15899999999999997,0.215,0.165,-0.04999999999999999,0.464,0.287,-0.17700000000000005,0.522,0.272,-0.25,20
knockout_GPGXX,375,270,105,0.133875,0.491,0.179,-0.312,0.496,0.289,-0.20700000000000002,0.169,0.177,0.00799999999999998,0.102,0.065,-0.03699999999999999,0.472,0.18,-0.292,0.215,0.177,-0.038000000000000006,0.464,0.316,-0.14800000000000002,0.522,0.493,-0.029000000000000026,20
scattered_control_GPGXX,375,270,105,0.11750000000000002,0.491,0.395,-0.09599999999999997,0.496,0.615,0.119,0.169,0.15,-0.019000000000000017,0.102,0.196,0.09400000000000001,0.472,0.513,0.041000000000000036,0.215,0.506,0.29100000000000004,0.464,0.316,-0.14800000000000002,0.522,0.39,-0.132,20
block_control_GPGXX,375,270,105,0.133875,0.491,0.179,-0.312,0.496,0.289,-0.20700000000000002,0.169,0.177,0.00799999999999998,0.102,0.065,-0.03699999999999999,0.472,0.18,-0.292,0.215,0.177,-0.038000000000000006,0.464,0.316,-0.14800000000000002,0.522,0.493,-0.029000000000000026,20
substitute_GPGXX,375,375,105,0.197125,0.491,0.27,-0.22099999999999997,0.496,0.178,-0.318,0.169,0.326,0.157,0.102,0.336,0.23400000000000004,0.472,0.301,-0.17099999999999999,0.215,0.127,-0.088,0.464,0.26,-0.20400000000000001,0.522,0.338,-0.184,20
termini_only,375,230,145,0.20475,0.491,0.179,-0.312,0.496,0.289,-0.20700000000000002,0.169,0.184,0.014999999999999986,0.102,0.287,0.185,0.472,0.203,-0.26899999999999996,0.215,0.354,0.13899999999999998,0.464,0.247,-0.21700000000000003,0.522,0.228,-0.29400000000000004,20
core_only,375,145,230,0.166625,0.491,0.205,-0.28600000000000003,0.496,0.17,-0.32599999999999996,0.169,0.165,-0.0040000000000000036,0.102,0.136,0.034000000000000016,0.472,0.275,-0.19699999999999995,0.215,0.177,-0.038000000000000006,0.464,0.266,-0.198,0.522,0.272,-0.25,20
random_matched,375,375,375,0.11750000000000002,0.491,0.395,-0.09599999999999997,0.496,0.615,0.119,0.169,0.15,-0.019000000000000017,0.102,0.196,0.09400000000000001,0.472,0.513,0.041000000000000036,0.215,0.506,0.29100000000000004,0.464,0.316,-0.14800000000000002,0.522,0.39,-0.132,20
point_mutation,375,375,1,0.12187499999999998,0.491,0.278,-0.21299999999999997,0.496,0.274,-0.22199999999999998,0.169,0.182,0.012999999999999984,0.102,0.108,0.006000000000000005,0.472,0.226,-0.24599999999999997,0.215,0.152,-0.063,0.464,0.399,-0.065,0.522,0.375,-0.14700000000000002,20
shuffle,505,505,505,0.102125,0.366,0.27,-0.09599999999999997,0.296,0.178,-0.118,0.226,0.149,-0.07700000000000001,0.087,0.264,0.17700000000000002,0.269,0.228,-0.04100000000000001,0.152,0.127,-0.024999999999999994,0.437,0.264,-0.173,0.375,0.265,-0.10999999999999999,21
shuffle_blocks,505,505,505,0.03174999999999999,0.366,0.278,-0.08799999999999997,0.296,0.274,-0.021999999999999964,0.226,0.182,-0.04400000000000001,0.087,0.108,0.021000000000000005,0.269,0.228,-0.04100000000000001,0.152,0.152,0.0,0.437,0.399,-0.03799999999999998,0.375,0.375,0.0,21
reverse,505,505,505,0.104375,0.366,0.299,-0.067,0.296,0.319,0.02300000000000002,0.226,0.254,0.027999999999999997,0.087,0.283,0.19599999999999998,0.269,0.453,0.184,0.152,0.177,0.024999999999999994,0.437,0.206,-0.231,0.375,0.294,-0.08100000000000002,21
knockout_polyA,505,424,81,0.08562499999999999,0.366,0.294,-0.07200000000000001,0.296,0.207,-0.089,0.226,0.159,-0.067,0.087,0.14,0.05300000000000002,0.269,0.299,0.02999999999999997,0.152,0.197,0.04500000000000001,0.437,0.218,-0.219,0.375,0.265,-0.10999999999999999,21
scattered_control_polyA,505,424,81,0.10424999999999998,0.366,0.27,-0.09599999999999997,0.296,0.178,-0.118,0.226,0.326,0.1,0.087,0.336,0.24900000000000003,0.269,0.301,0.03199999999999997,0.152,0.127,-0.024999999999999994,0.437,0.26,-0.177,0.375,0.338,-0.03699999999999998,21
block_control_polyA,505,424,81,0.0335,0.366,0.369,0.0030000000000000027,0.296,0.348,0.05199999999999999,0.226,0.225,-0.0010000000000000009,0.087,0.151,0.064,0.269,0.272,0.0030000000000000027,0.152,0.215,0.063,0.437,0.453,0.016000000000000014,0.375,0.309,-0.066,21
substitute_polyA,505,505,81,0.0335,0.366,0.369,0.0030000000000000027,0.296,0.348,0.05199999999999999,0.226,0.225,-0.0010000000000000009,0.087,0.151,0.064,0.269,0.272,0.0030000000000000027,0.152,0.215,0.063,0.437,0.453,0.016000000000000014,0.375,0.309,-0.066,21
knockout_GGX,505,400,105,0.0335,0.366,0.369,0.0030000000000000027,0.296,0.348,0.05199999999999999,0.226,0.225,-0.0010000000000000009,0.087,0.151,0.064,0.269,0.272,0.0030000000000000027,0.152,0.215,0.063,0.437,0.453,0.016000000000000014,0.375,0.309,-0.066,21
scattered_control_GGX,505,400,105,0.11662499999999999,0.366,0.2,-0.16599999999999998,0.296,0.141,-0.155,0.226,0.153,-0.07300000000000001,0.087,0.122,0.035,0.269,0.288,0.01899999999999996,0.152,0.127,-0.024999999999999994,0.437,0.264,-0.173,0.375,0.088,-0.28700000000000003,21
block_control_GGX,505,400,105,0.0335,0.366,0.369,0.0030000000000000027,0.296,0.348,0.05199999999999999,0.226,0.225,-0.0010000000000000009,0.087,0.151,0.064,0.269,0.272,0.0030000000000000027,0.152,0.215,0.063,0.437,0.453,0.016000000000000014,0.375,0.309,-0.066,21
substitute_GGX,505,505,105,0.0335,0.366,0.369,0.0030000000000000027,0.296,0.348,0.05199999999999999,0.226,0.225,-0.0010000000000000009,0.087,0.151,0.064,0.269,0.272,0.0030000000000000027,0.152,0.215,0.063,0.437,0.453,0.016000000000000014,0.375,0.309,-0.066,21
knockout_GPGXX,505,335,170,0.11662499999999999,0.366,0.2,-0.16599999999999998,0.296,0.141,-0.155,0.226,0.153,-0.07300000000000001,0.087,0.122,0.035,0.269,0.288,0.01899999999999996,0.152,0.127,-0.024999999999999994,0.437,0.264,-0.173,0.375,0.088,-0.28700000000000003,21
scattered_control_GPGXX,505,335,170,0.1765,0.366,0.291,-0.07500000000000001,0.296,0.43,0.134,0.226,0.32,0.094,0.087,0.398,0.31100000000000005,0.269,0.348,0.07899999999999996,0.152,0.582,0.42999999999999994,0.437,0.214,-0.223,0.375,0.309,-0.066,21
block_control_GPGXX,505,335,170,0.0335,0.366,0.369,0.0030000000000000027,0.296,0.348,0.05199999999999999,0.226,0.225,-0.0010000000000000009,0.087,0.151,0.064,0.269,0.272,0.0030000000000000027,0.152,0.215,0.063,0.437,0.453,0.016000000000000014,0.375,0.309,-0.066,21
substitute_GPGXX,505,505,170,0.0335,0.366,0.369,0.0030000000000000027,0.296,0.348,0.05199999999999999,0.226,0.225,-0.0010000000000000009,0.087,0.151,0.064,0.269,0.272,0.0030000000000000027,0.152,0.215,0.063,0.437,0.453,0.016000000000000014,0.375,0.309,-0.066,21
termini_only,505,230,275,0.0335,0.366,0.369,0.0030000000000000027,0.296,0.348,0.05199999999999999,0.226,0.225,-0.0010000000000000009,0.087,0.151,0.064,0.269,0.272,0.0030000000000000027,0.152,0.215,0.063,0.437,0.453,0.016000000000000014,0.375,0.309,-0.066,21
core_only,505,275,230,0.08775,0.366,0.262,-0.10399999999999998,0.296,0.133,-0.16299999999999998,0.226,0.213,-0.013000000000000012,0.087,0.119,0.032,0.269,0.234,-0.035,0.152,0.076,-0.076,0.437,0.268,-0.16899999999999998,0.375,0.265,-0.10999999999999999,21
random_matched,505,505,505,0.10349999999999998,0.366,0.27,-0.09599999999999997,0.296,0.178,-0.118,0.226,0.326,0.1,0.087,0.336,0.24900000000000003,0.269,0.301,0.03199999999999997,0.152,0.127,-0.024999999999999994,0.437,0.266,-0.17099999999999999,0.375,0.338,-0.03699999999999998,21
point_mutation,505,505,1,0.0,0.366,0.366,0.0,0.296,0.296,0.0,0.226,0.226,0.0,0.087,0.087,0.0,0.269,0.269,0.0,0.152,0.152,0.0,0.437,0.437,0.0,0.375,0.375,0.0,21
shuffle,320,320,320,0.05825000000000001,0.226,0.27,0.04400000000000001,0.17,0.178,0.00799999999999998,0.237,0.326,0.08900000000000002,0.211,0.336,0.12500000000000003,0.301,0.301,0.0,0.165,0.127,-0.038000000000000006,0.245,0.26,0.015000000000000013,0.191,0.338,0.14700000000000002,22
shuffle_blocks,320,320,320,0.058,0.226,0.262,0.036000000000000004,0.17,0.133,-0.037000000000000005,0.237,0.213,-0.023999999999999994,0.211,0.119,-0.092,0.301,0.266,-0.034999999999999976,0.165,0.052,-0.11300000000000002,0.245,0.364,0.119,0.191,0.199,0.008000000000000007,22
reverse,320,320,320,0.15099999999999997,0.226,0.291,0.06499999999999997,0.17,0.43,0.26,0.237,0.32,0.08300000000000002,0.211,0.398,0.18700000000000003,0.301,0.348,0.046999999999999986,0.165,0.582,0.4169999999999999,0.245,0.214,-0.031,0.191,0.309,0.118,22
knockout_polyA,320,288,32,0.024499999999999994,0.226,0.226,0.0,0.17,0.17,0.0,0.237,0.226,-0.010999999999999982,0.211,0.215,0.0040000000000000036,0.301,0.26,-0.04099999999999998,0.165,0.146,-0.019000000000000017,0.245,0.139,-0.10599999999999998,0.191,0.206,0.014999999999999986,22
scattered_control_polyA,320,288,32,0.0925,0.226,0.278,0.05200000000000002,0.17,0.274,0.10400000000000001,0.237,0.182,-0.05499999999999999,0.211,0.108,-0.103,0.301,0.226,-0.07499999999999998,0.165,0.152,-0.013000000000000012,0.245,0.399,0.15400000000000003,0.191,0.375,0.184,22
block_control_polyA,320,288,32,0.0,0.226,0.226,0.0,0.17,0.17,0.0,0.237,0.237,0.0,0.211,0.211,0.0,0.301,0.301,0.0,0.165,0.165,0.0,0.245,0.245,0.0,0.191,0.191,0.0,22
substitute_polyA,320,320,32,0.0925,0.226,0.278,0.05200000000000002,0.17,0.274,0.10400000000000001,0.237,0.182,-0.05499999999999999,0.211,0.108,-0.103,0.301,0.226,-0.07499999999999998,0.165,0.152,-0.013000000000000012,0.245,0.399,0.15400000000000003,0.191,0.375,0.184,22
knockout_GGX,320,305,15,0.0,0.226,0.226,0.0,0.17,0.17,0.0,0.237,0.237,0.0,0.211,0.211,0.0,0.301,0.301,0.0,0.165,0.165,0.0,0.245,0.245,0.0,0.191,0.191,0.0,22
scattered_control_GGX,320,305,15,0.0,0.226,0.226,0.0,0.17,0.17,0.0,0.237,0.237,0.0,0.211,0.211,0.0,0.301,0.301,0.0,0.165,0.165,0.0,0.245,0.245,0.0,0.191,0.191,0.0,22
block_control_GGX,320,305,15,0.023624999999999997,0.226,0.226,0.0,0.17,0.17,0.0,0.237,0.226,-0.010999999999999982,0.211,0.215,0.0040000000000000036,0.301,0.265,-0.035999999999999976,0.165,0.152,-0.013000000000000012,0.245,0.289,0.043999999999999984,0.191,0.272,0.08100000000000002,22
substitute_GGX,320,320,15,0.0,0.226,0.226,0.0,0.17,0.17,0.0,0.237,0.237,0.0,0.211,0.211,0.0,0.301,0.301,0.0,0.165,0.165,0.0,0.245,0.245,0.0,0.191,0.191,0.0,22
knockout_GPGXX,320,285,35,0.050125,0.226,0.2,-0.025999999999999995,0.17,0.141,-0.029000000000000026,0.237,0.153,-0.08399999999999999,0.211,0.122,-0.089,0.301,0.288,-0.013000000000000012,0.165,0.127,-0.038000000000000006,0.245,0.264,0.019000000000000017,0.191,0.088,-0.10300000000000001,22
scattered_control_GPGXX,320,285,35,0.15099999999999997,0.226,0.291,0.06499999999999997,0.17,0.43,0.26,0.237,0.32,0.08300000000000002,0.211,0.398,0.18700000000000003,0.301,0.348,0.046999999999999986,0.165,0.582,0.4169999999999999,0.245,0.214,-0.031,0.191,0.309,0.118,22
block_control_GPGXX,320,285,35,0.0,0.226,0.226,0.0,0.17,0.17,0.0,0.237,0.237,0.0,0.211,0.211,0.0,0.301,0.301,0.0,0.165,0.165,0.0,0.245,0.245,0.0,0.191,0.191,0.0,22
substitute_GPGXX,320,320,35,0.02325,0.226,0.262,0.036000000000000004,0.17,0.133,-0.037000000000000005,0.237,0.202,-0.034999999999999976,0.211,0.215,0.0040000000000000036,0.301,0.291,-0.010000000000000009,0.165,0.19,0.024999999999999994,0.245,0.243,-0.0020000000000000018,0.191,0.228,0.037000000000000005,22
termini_only,320,230,90,0.03175,0.226,0.262,0.036000000000000004,0.17,0.133,-0.037000000000000005,0.237,0.202,-0.034999999999999976,0.211,0.215,0.0040000000000000036,0.301,0.291,-0.010000000000000009,0.165,0.152,-0.013000000000000012,0.245,0.283,0.03799999999999998,0.191,0.272,0.08100000000000002,22
core_only,320,90,230,0.24599999999999997,0.226,0.213,-0.013000000000000012,0.17,0.2,0.03,0.237,0.648,0.41100000000000003,0.211,0.938,0.727,0.301,0.478,0.177,0.165,0.443,0.278,0.245,0.075,-0.16999999999999998,0.191,0.029,-0.162,22
random_matched,320,320,320,0.24599999999999997,0.226,0.213,-0.013000000000000012,0.17,0.2,0.03,0.237,0.648,0.41100000000000003,0.211,0.938,0.727,0.301,0.478,0.177,0.165,0.443,0.278,0.245,0.075,-0.16999999999999998,0.191,0.029,-0.162,22
point_mutation,320,320,1,0.0,0.226,0.226,0.0,0.17,0.17,0.0,0.237,0.237,0.0,0.211,0.211,0.0,0.301,0.301,0.0,0.165,0.165,0.0,0.245,0.245,0.0,0.191,0.191,0.0,22
shuffle,429,429,429,0.145125,0.356,0.291,-0.065,0.356,0.43,0.07400000000000001,0.372,0.32,-0.05199999999999999,0.228,0.398,0.17,0.462,0.348,-0.11400000000000005,0.051,0.582,0.5309999999999999,0.237,0.214,-0.022999999999999993,0.441,0.309,-0.132,23
shuffle_blocks,429,429,429,0.163,0.356,0.294,-0.062,0.356,0.207,-0.149,0.372,0.153,-0.219,0.228,0.146,-0.08200000000000002,0.462,0.329,-0.133,0.051,0.215,0.164,0.237,0.453,0.21600000000000003,0.441,0.162,-0.279,23
reverse,429,429,429,0.09762499999999999,0.356,0.27,-0.08599999999999997,0.356,0.178,-0.178,0.372,0.326,-0.045999999999999985,0.228,0.336,0.10800000000000001,0.462,0.301,-0.16100000000000003,0.051,0.127,0.07600000000000001,0.237,0.26,0.02300000000000002,0.441,0.338,-0.10299999999999998,23
knockout_polyA,429,359,70,0.0725,0.356,0.299,-0.056999999999999995,0.356,0.319,-0.03699999999999998,0.372,0.254,-0.118,0.228,0.283,0.054999999999999966,0.462,0.453,-0.009000000000000008,0.051,0.177,0.126,0.237,0.206,-0.031,0.441,0.294,-0.14700000000000002,23
scattered_control_polyA,429,359,70,0.130625,0.356,0.262,-0.09399999999999997,0.356,0.133,-0.22299999999999998,0.372,0.213,-0.159,0.228,0.119,-0.10900000000000001,0.462,0.234,-0.228,0.051,0.076,0.025,0.237,0.268,0.031000000000000028,0.441,0.265,-0.176,23
block_control_polyA,429,359,70,0.122,0.356,0.294,-0.062,0.356,0.23,-0.12599999999999997,0.372,0.168,-0.204,0.228,0.126,-0.10200000000000001,0.462,0.313,-0.14900000000000002,0.051,0.165,0.11400000000000002,0.237,0.287,0.04999999999999999,0.441,0.272,-0.16899999999999998,23
substitute_polyA,429,429,70,0.14337499999999997,0.356,0.205,-0.151,0.356,0.17,-0.18599999999999997,0.372,0.165,-0.207,0.228,0.136,-0.092,0.462,0.275,-0.187,0.051,0.177,0.126,0.237,0.266,0.029000000000000026,0.441,0.272,-0.16899999999999998,23
knockout_GGX,429,405,24,0.0,0.356,0.356,0.0,0.356,0.356,0.0,0.372,0.372,0.0,0.228,0.228,0.0,0.462,0.462,0.0,0.051,0.051,0.0,0.237,0.237,0.0,0.441,0.441,0.0,23
scattered_control_GGX,429,405,24,0.0,0.356,0.356,0.0,0.356,0.356,0.0,0.372,0.372,0.0,0.228,0.228,0.0,0.462,0.462,0.0,0.051,0.051,0.0,0.237,0.237,0.0,0.441,0.441,0.0,23
block_control_GGX,429,405,24,0.133125,0.356,0.205,-0.151,0.356,0.17,-0.18599999999999997,0.372,0.165,-0.207,0.228,0.136,-0.092,0.462,0.247,-0.21500000000000002,0.051,0.177,0.126,0.237,0.266,0.029000000000000026,0.441,0.382,-0.059,23
substitute_GGX,429,429,24,0.07375000000000001,0.356,0.457,0.10100000000000003,0.356,0.378,0.02200000000000002,0.372,0.229,-0.143,0.228,0.218,-0.010000000000000009,0.462,0.462,0.0,0.051,0.203,0.15200000000000002,0.237,0.362,0.125,0.441,0.404,-0.03699999999999998,23
knockout_GPGXX,429,379,50,0.283375,0.356,0.213,-0.143,0.356,0.2,-0.15599999999999997,0.372,0.648,0.276,0.228,0.938,0.71,0.462,0.478,0.01599999999999996,0.051,0.443,0.392,0.237,0.075,-0.16199999999999998,0.441,0.029,-0.412,23
scattered_control_GPGXX,429,379,50,0.14337499999999997,0.356,0.205,-0.151,0.356,0.17,-0.18599999999999997,0.372,0.165,-0.207,0.228,0.136,-0.092,0.462,0.275,-0.187,0.051,0.177,0.126,0.237,0.266,0.029000000000000026,0.441,0.272,-0.16899999999999998,23
block_control_GPGXX,429,379,50,0.05,0.356,0.356,0.0,0.356,0.356,0.0,0.372,0.372,0.0,0.228,0.226,-0.0020000000000000018,0.462,0.429,-0.03300000000000003,0.051,0.354,0.303,0.237,0.262,0.025000000000000022,0.441,0.404,-0.03699999999999998,23
substitute_GPGXX,429,429,50,0.0,0.356,0.356,0.0,0.356,0.356,0.0,0.372,0.372,0.0,0.228,0.228,0.0,0.462,0.462,0.0,0.051,0.051,0.0,0.237,0.237,0.0,0.441,0.441,0.0,23
termini_only,429,230,199,0.064375,0.356,0.327,-0.02899999999999997,0.356,0.356,0.0,0.372,0.266,-0.10599999999999998,0.228,0.287,0.05899999999999997,0.462,0.437,-0.025000000000000022,0.051,0.19,0.139,0.237,0.22,-0.016999999999999987,0.441,0.301,-0.14,23
core_only,429,199,230,0.14337499999999997,0.356,0.205,-0.151,0.356,0.17,-0.18599999999999997,0.372,0.165,-0.207,0.228,0.136,-0.092,0.462,0.275,-0.187,0.051,0.177,0.126,0.237,0.266,0.029000000000000026,0.441,0.272,-0.16899999999999998,23
random_matched,429,429,429,0.09762499999999999,0.356,0.27,-0.08599999999999997,0.356,0.178,-0.178,0.372,0.326,-0.045999999999999985,0.228,0.336,0.10800000000000001,0.462,0.301,-0.16100000000000003,0.051,0.127,0.07600000000000001,0.237,0.26,0.02300000000000002,0.441,0.338,-0.10299999999999998,23
point_mutation,429,429,1,0.0,0.356,0.356,0.0,0.356,0.356,0.0,0.372,0.372,0.0,0.228,0.228,0.0,0.462,0.462,0.0,0.051,0.051,0.0,0.237,0.237,0.0,0.441,0.441,0.0,23
shuffle,347,347,347,0.121875,0.374,0.27,-0.10399999999999998,0.333,0.178,-0.15500000000000003,0.124,0.326,0.202,0.147,0.336,0.18900000000000003,0.263,0.301,0.03799999999999998,0.101,0.127,0.025999999999999995,0.484,0.26,-0.22399999999999998,0.375,0.338,-0.03699999999999998,24
shuffle_blocks,347,347,347,0.1435,0.374,0.444,0.07,0.333,0.252,-0.08100000000000002,0.124,0.293,0.16899999999999998,0.147,0.142,-0.0050000000000000044,0.263,0.465,0.202,0.101,0.278,0.17700000000000002,0.484,0.341,-0.14299999999999996,0.375,0.074,-0.301,24
reverse,347,347,347,0.191125,0.374,0.291,-0.08300000000000002,0.333,0.43,0.09699999999999998,0.124,0.32,0.196,0.147,0.398,0.251,0.263,0.348,0.08499999999999996,0.101,0.582,0.481,0.484,0.214,-0.27,0.375,0.309,-0.066,24
knockout_polyA,347,315,32,0.15200000000000002,0.374,0.395,0.02100000000000002,0.333,0.615,0.282,0.124,0.15,0.025999999999999995,0.147,0.196,0.049000000000000016,0.263,0.513,0.25,0.101,0.506,0.405,0.484,0.316,-0.16799999999999998,0.375,0.39,0.015000000000000013,24
scattered_control_polyA,347,315,32,0.12225,0.374,0.2,-0.174,0.333,0.141,-0.19200000000000003,0.124,0.153,0.028999999999999998,0.147,0.122,-0.024999999999999994,0.263,0.288,0.024999999999999967,0.101,0.127,0.025999999999999995,0.484,0.264,-0.21999999999999997,0.375,0.088,-0.28700000000000003,24
block_control_polyA,347,315,32,0.077875,0.374,0.335,-0.03899999999999998,0.333,0.437,0.10399999999999998,0.124,0.132,0.008000000000000007,0.147,0.257,0.11000000000000001,0.263,0.247,-0.016000000000000014,0.101,0.329,0.228,0.484,0.454,-0.02999999999999997,0.375,0.287,-0.08800000000000002,24
substitute_polyA,347,347,32,0.28812499999999996,0.374,0.745,0.371,0.333,0.141,-0.19200000000000003,0.124,0.511,0.387,0.147,0.572,0.42499999999999993,0.263,0.706,0.44299999999999995,0.101,0.051,-0.05000000000000001,0.484,0.326,-0.15799999999999997,0.375,0.096,-0.279,24
knockout_GGX,347,269,78,0.12225,0.374,0.2,-0.174,0.333,0.141,-0.19200000000000003,0.124,0.153,0.028999999999999998,0.147,0.122,-0.024999999999999994,0.263,0.288,0.024999999999999967,0.101,0.127,0.025999999999999995,0.484,0.264,-0.21999999999999997,0.375,0.088,-0.28700000000000003,24
scattered_control_GGX,347,269,78,0.10112499999999999,0.374,0.262,-0.11199999999999999,0.333,0.133,-0.2,0.124,0.213,0.089,0.147,0.119,-0.027999999999999997,0.263,0.234,-0.028999999999999998,0.101,0.076,-0.02500000000000001,0.484,0.268,-0.21599999999999997,0.375,0.265,-0.10999999999999999,24
block_control_GGX,347,269,78,0.12225,0.374,0.2,-0.174,0.333,0.141,-0.19200000000000003,0.124,0.153,0.028999999999999998,0.147,0.122,-0.024999999999999994,0.263,0.288,0.024999999999999967,0.101,0.127,0.025999999999999995,0.484,0.264,-0.21999999999999997,0.375,0.088,-0.28700000000000003,24
substitute_GGX,347,347,78,0.12225,0.374,0.2,-0.174,0.333,0.141,-0.19200000000000003,0.124,0.153,0.028999999999999998,0.147,0.122,-0.024999999999999994,0.263,0.288,0.024999999999999967,0.101,0.127,0.025999999999999995,0.484,0.264,-0.21999999999999997,0.375,0.088,-0.28700000000000003,24
knockout_GPGXX,347,337,10,0.0,0.374,0.374,0.0,0.333,0.333,0.0,0.124,0.124,0.0,0.147,0.147,0.0,0.263,0.263,0.0,0.101,0.101,0.0,0.484,0.484,0.0,0.375,0.375,0.0,24
scattered_control_GPGXX,347,337,10,0.0,0.374,0.374,0.0,0.333,0.333,0.0,0.124,0.124,0.0,0.147,0.147,0.0,0.263,0.263,0.0,0.101,0.101,0.0,0.484,0.484,0.0,0.375,0.375,0.0,24
block_control_GPGXX,347,337,10,0.0,0.374,0.374,0.0,0.333,0.333,0.0,0.124,0.124,0.0,0.147,0.147,0.0,0.263,0.263,0.0,0.101,0.101,0.0,0.484,0.484,0.0,0.375,0.375,0.0,24
substitute_GPGXX,347,347,10,0.11524999999999998,0.374,0.335,-0.03899999999999998,0.333,0.437,0.10399999999999998,0.124,0.132,0.008000000000000007,0.147,0.213,0.066,0.263,0.222,-0.04100000000000001,0.101,0.304,0.20299999999999999,0.484,0.464,-0.019999999999999962,0.375,0.816,0.44099999999999995,24
termini_only,347,230,117,0.11524999999999998,0.374,0.335,-0.03899999999999998,0.333,0.437,0.10399999999999998,0.124,0.132,0.008000000000000007,0.147,0.213,0.066,0.263,0.222,-0.04100000000000001,0.101,0.304,0.20299999999999999,0.484,0.464,-0.019999999999999962,0.375,0.816,0.44099999999999995,24
core_only,347,117,230,0.10112499999999999,0.374,0.262,-0.11199999999999999,0.333,0.133,-0.2,0.124,0.213,0.089,0.147,0.119,-0.027999999999999997,0.263,0.234,-0.028999999999999998,0.101,0.076,-0.02500000000000001,0.484,0.268,-0.21599999999999997,0.375,0.265,-0.10999999999999999,24
random_matched,347,347,347,0.121875,0.374,0.27,-0.10399999999999998,0.333,0.178,-0.15500000000000003,0.124,0.326,0.202,0.147,0.336,0.18900000000000003,0.263,0.301,0.03799999999999998,0.101,0.127,0.025999999999999995,0.484,0.26,-0.22399999999999998,0.375,0.338,-0.03699999999999998,24
point_mutation,347,347,1,0.0,0.374,0.374,0.0,0.333,0.333,0.0,0.124,0.124,0.0,0.147,0.147,0.0,0.263,0.263,0.0,0.101,0.101,0.0,0.484,0.484,0.0,0.375,0.375,0.0,24
shuffle,372,372,372,0.14400000000000002,0.13,0.327,0.197,0.17,0.259,0.089,0.078,0.274,0.196,0.091,0.291,0.19999999999999998,0.253,0.44,0.187,0.076,0.291,0.21499999999999997,0.266,0.249,-0.017000000000000015,0.279,0.228,-0.05100000000000002,25
shuffle_blocks,372,372,372,0.206625,0.13,0.291,0.16099999999999998,0.17,0.43,0.26,0.078,0.32,0.242,0.091,0.398,0.30700000000000005,0.253,0.348,0.09499999999999997,0.076,0.582,0.506,0.266,0.214,-0.05200000000000002,0.279,0.309,0.02999999999999997,25
reverse,372,372,372,0.206625,0.13,0.291,0.16099999999999998,0.17,0.43,0.26,0.078,0.32,0.242,0.091,0.398,0.30700000000000005,0.253,0.348,0.09499999999999997,0.076,0.582,0.506,0.266,0.214,-0.05200000000000002,0.279,0.309,0.02999999999999997,25
knockout_polyA,372,340,32,0.0,0.13,0.13,0.0,0.17,0.17,0.0,0.078,0.078,0.0,0.091,0.091,0.0,0.253,0.253,0.0,0.076,0.076,0.0,0.266,0.266,0.0,0.279,0.279,0.0,25
scattered_control_polyA,372,340,32,0.049125,0.13,0.203,0.07300000000000001,0.17,0.119,-0.05100000000000002,0.078,0.162,0.084,0.091,0.052,-0.039,0.253,0.199,-0.05399999999999999,0.076,0.013,-0.063,0.266,0.281,0.015000000000000013,0.279,0.265,-0.014000000000000012,25
block_control_polyA,372,340,32,0.060500000000000005,0.13,0.2,0.07,0.17,0.141,-0.029000000000000026,0.078,0.153,0.075,0.091,0.122,0.031,0.253,0.288,0.034999999999999976,0.076,0.127,0.051000000000000004,0.266,0.264,-0.0020000000000000018,0.279,0.088,-0.19100000000000003,25
substitute_polyA,372,372,32,0.0,0.13,0.13,0.0,0.17,0.17,0.0,0.078,0.078,0.0,0.091,0.091,0.0,0.253,0.253,0.0,0.076,0.076,0.0,0.266,0.266,0.0,0.279,0.279,0.0,25
knockout_GGX,372,348,24,0.072,0.13,0.294,0.16399999999999998,0.17,0.207,0.03699999999999998,0.078,0.159,0.081,0.091,0.184,0.093,0.253,0.253,0.0,0.076,0.152,0.076,0.266,0.289,0.022999999999999965,0.279,0.177,-0.10200000000000004,25
scattered_control_GGX,372,348,24,0.042124999999999996,0.13,0.205,0.07499999999999998,0.17,0.17,0.0,0.078,0.165,0.08700000000000001,0.091,0.136,0.04500000000000001,0.253,0.275,0.02200000000000002,0.076,0.177,0.10099999999999999,0.266,0.266,0.0,0.279,0.272,-0.007000000000000006,25
block_control_GGX,372,348,24,7.499999999999868e-05,0.13,0.13,0.0,0.17,0.17,0.0,0.078,0.078,0.0,0.091,0.091,0.0,0.253,0.253,0.0,0.076,0.076,0.0,0.266,0.2666,0.0005999999999999894,0.279,0.279,0.0,25
substitute_GGX,372,372,24,0.045875,0.13,0.262,0.132,0.17,0.133,-0.037000000000000005,0.078,0.213,0.135,0.091,0.119,0.027999999999999997,0.253,0.234,-0.01899999999999999,0.076,0.076,0.0,0.266,0.268,0.0020000000000000018,0.279,0.265,-0.014000000000000012,25
knockout_GPGXX,372,362,10,0.0,0.13,0.13,0.0,0.17,0.17,0.0,0.078,0.078,0.0,0.091,0.091,0.0,0.253,0.253,0.0,0.076,0.076,0.0,0.266,0.266,0.0,0.279,0.279,0.0,25
scattered_control_GPGXX,372,362,10,0.049125,0.13,0.203,0.07300000000000001,0.17,0.119,-0.05100000000000002,0.078,0.162,0.084,0.091,0.052,-0.039,0.253,0.199,-0.05399999999999999,0.076,0.013,-0.063,0.266,0.281,0.015000000000000013,0.279,0.265,-0.014000000000000012,25
block_control_GPGXX,372,362,10,0.0,0.13,0.13,0.0,0.17,0.17,0.0,0.078,0.078,0.0,0.091,0.091,0.0,0.253,0.253,0.0,0.076,0.076,0.0,0.266,0.266,0.0,0.279,0.279,0.0,25
substitute_GPGXX,372,372,10,0.0,0.13,0.13,0.0,0.17,0.17,0.0,0.078,0.078,0.0,0.091,0.091,0.0,0.253,0.253,0.0,0.076,0.076,0.0,0.266,0.266,0.0,0.279,0.279,0.0,25
termini_only,372,230,142,0.071625,0.13,0.2,0.07,0.17,0.178,0.00799999999999998,0.078,0.249,0.17099999999999999,0.091,0.214,0.123,0.253,0.269,0.016000000000000014,0.076,0.177,0.10099999999999999,0.266,0.233,-0.033,0.279,0.228,-0.05100000000000002,25
core_only,372,142,230,0.042124999999999996,0.13,0.205,0.07499999999999998,0.17,0.17,0.0,0.078,0.165,0.08700000000000001,0.091,0.136,0.04500000000000001,0.253,0.275,0.02200000000000002,0.076,0.177,0.10099999999999999,0.266,0.266,0.0,0.279,0.272,-0.007000000000000006,25
random_matched,372,372,372,0.14400000000000002,0.13,0.327,0.197,0.17,0.259,0.089,0.078,0.274,0.196,0.091,0.291,0.19999999999999998,0.253,0.44,0.187,0.076,0.291,0.21499999999999997,0.266,0.249,-0.017000000000000015,0.279,0.228,-0.05100000000000002,25
point_mutation,372,372,1,0.0,0.13,0.13,0.0,0.17,0.17,0.0,0.078,0.078,0.0,0.091,0.091,0.0,0.253,0.253,0.0,0.076,0.076,0.0,0.266,0.266,0.0,0.279,0.279,0.0,25
shuffle,219,219,219,0.138625,0.327,0.626,0.299,0.259,0.17,-0.089,0.274,0.418,0.14399999999999996,0.291,0.313,0.02200000000000002,0.44,0.649,0.20900000000000002,0.291,0.177,-0.11399999999999999,0.249,0.341,0.09200000000000003,0.228,0.088,-0.14,26
shuffle_blocks,219,219,219,0.112625,0.327,0.262,-0.065,0.259,0.133,-0.126,0.274,0.213,-0.061000000000000026,0.291,0.119,-0.172,0.44,0.234,-0.206,0.291,0.076,-0.21499999999999997,0.249,0.268,0.019000000000000017,0.228,0.265,0.037000000000000005,26
reverse,219,219,219,0.0,0.327,0.327,0.0,0.259,0.259,0.0,0.274,0.274,0.0,0.291,0.291,0.0,0.44,0.44,0.0,0.291,0.291,0.0,0.249,0.249,0.0,0.228,0.228,0.0,26
knockout_GGX,219,204,15,0.0,0.327,0.327,0.0,0.259,0.259,0.0,0.274,0.274,0.0,0.291,0.291,0.0,0.44,0.44,0.0,0.291,0.291,0.0,0.249,0.249,0.0,0.228,0.228,0.0,26
scattered_control_GGX,219,204,15,0.0,0.327,0.327,0.0,0.259,0.259,0.0,0.274,0.274,0.0,0.291,0.291,0.0,0.44,0.44,0.0,0.291,0.291,0.0,0.249,0.249,0.0,0.228,0.228,0.0,26
block_control_GGX,219,204,15,0.0,0.327,0.327,0.0,0.259,0.259,0.0,0.274,0.274,0.0,0.291,0.291,0.0,0.44,0.44,0.0,0.291,0.291,0.0,0.249,0.249,0.0,0.228,0.228,0.0,26
substitute_GGX,219,219,15,0.0,0.327,0.327,0.0,0.259,0.259,0.0,0.274,0.274,0.0,0.291,0.291,0.0,0.44,0.44,0.0,0.291,0.291,0.0,0.249,0.249,0.0,0.228,0.228,0.0,26
random_matched,219,219,219,0.041124999999999995,0.327,0.361,0.033999999999999975,0.259,0.252,-0.007000000000000006,0.274,0.246,-0.028000000000000025,0.291,0.257,-0.033999999999999975,0.44,0.364,-0.07600000000000001,0.291,0.228,-0.06299999999999997,0.249,0.243,-0.006000000000000005,0.228,0.147,-0.08100000000000002,26
point_mutation,219,219,1,0.0,0.327,0.327,0.0,0.259,0.259,0.0,0.274,0.274,0.0,0.291,0.291,0.0,0.44,0.44,0.0,0.291,0.291,0.0,0.249,0.249,0.0,0.228,0.228,0.0,26
shuffle,410,410,410,0.1735,0.255,0.291,0.035999999999999976,0.17,0.43,0.26,0.138,0.32,0.182,0.084,0.398,0.314,0.326,0.348,0.021999999999999964,0.203,0.582,0.37899999999999995,0.38,0.214,-0.166,0.338,0.309,-0.029000000000000026,27
shuffle_blocks,410,410,410,0.1735,0.255,0.291,0.035999999999999976,0.17,0.43,0.26,0.138,0.32,0.182,0.084,0.398,0.314,0.326,0.348,0.021999999999999964,0.203,0.582,0.37899999999999995,0.38,0.214,-0.166,0.338,0.309,-0.029000000000000026,27
reverse,410,410,410,0.08549999999999999,0.255,0.27,0.015000000000000013,0.17,0.178,0.00799999999999998,0.138,0.326,0.188,0.084,0.336,0.252,0.326,0.301,-0.025000000000000022,0.203,0.127,-0.07600000000000001,0.38,0.26,-0.12,0.338,0.338,0.0,27
knockout_polyA,410,357,53,0.077375,0.255,0.252,-0.0030000000000000027,0.17,0.274,0.10400000000000001,0.138,0.282,0.14399999999999996,0.084,0.147,0.06299999999999999,0.326,0.342,0.016000000000000014,0.203,0.241,0.03799999999999998,0.38,0.21,-0.17,0.338,0.257,-0.08100000000000002,27
scattered_control_polyA,410,357,53,0.04825,0.255,0.205,-0.05000000000000002,0.17,0.17,0.0,0.138,0.165,0.026999999999999996,0.084,0.136,0.052000000000000005,0.326,0.275,-0.05099999999999999,0.203,0.177,-0.026000000000000023,0.38,0.266,-0.11399999999999999,0.338,0.272,-0.066,27
block_control_polyA,410,357,53,0.08424999999999999,0.255,0.252,-0.0030000000000000027,0.17,0.274,0.10400000000000001,0.138,0.282,0.14399999999999996,0.084,0.147,0.06299999999999999,0.326,0.326,0.0,0.203,0.382,0.179,0.38,0.272,-0.10799999999999998,0.338,0.265,-0.07300000000000001,27
substitute_polyA,410,410,53,0.08099999999999999,0.255,0.252,-0.0030000000000000027,0.17,0.274,0.10400000000000001,0.138,0.282,0.14399999999999996,0.084,0.147,0.06299999999999999,0.326,0.326,0.0,0.203,0.304,0.10099999999999998,0.38,0.228,-0.152,0.338,0.257,-0.08100000000000002,27
knockout_GGX,410,263,147,0.1735,0.255,0.291,0.035999999999999976,0.17,0.43,0.26,0.138,0.32,0.182,0.084,0.398,0.314,0.326,0.348,0.021999999999999964,0.203,0.582,0.37899999999999995,0.38,0.214,-0.166,0.338,0.309,-0.029000000000000026,27
scattered_control_GGX,410,263,147,0.1735,0.255,0.291,0.035999999999999976,0.17,0.43,0.26,0.138,0.32,0.182,0.084,0.398,0.314,0.326,0.348,0.021999999999999964,0.203,0.582,0.37899999999999995,0.38,0.214,-0.166,0.338,0.309,-0.029000000000000026,27
block_control_GGX,410,263,147,0.30525,0.255,0.213,-0.04200000000000001,0.17,0.2,0.03,0.138,0.648,0.51,0.084,0.938,0.854,0.326,0.478,0.15199999999999997,0.203,0.443,0.24,0.38,0.075,-0.305,0.338,0.029,-0.309,27
substitute_GGX,410,410,147,0.30525,0.255,0.213,-0.04200000000000001,0.17,0.2,0.03,0.138,0.648,0.51,0.084,0.938,0.854,0.326,0.478,0.15199999999999997,0.203,0.443,0.24,0.38,0.075,-0.305,0.338,0.029,-0.309,27
termini_only,410,230,180,0.077375,0.255,0.252,-0.0030000000000000027,0.17,0.274,0.10400000000000001,0.138,0.282,0.14399999999999996,0.084,0.147,0.06299999999999999,0.326,0.342,0.016000000000000014,0.203,0.241,0.03799999999999998,0.38,0.21,-0.17,0.338,0.257,-0.08100000000000002,27
core_only,410,180,230,0.11699999999999999,0.255,0.353,0.09799999999999998,0.17,0.222,0.05199999999999999,0.138,0.413,0.27499999999999997,0.084,0.357,0.27299999999999996,0.326,0.275,-0.05099999999999999,0.203,0.114,-0.08900000000000001,0.38,0.326,-0.05399999999999999,0.338,0.382,0.043999999999999984,27
random_matched,410,410,410,0.08549999999999999,0.255,0.27,0.015000000000000013,0.17,0.178,0.00799999999999998,0.138,0.326,0.188,0.084,0.336,0.252,0.326,0.301,-0.025000000000000022,0.203,0.127,-0.07600000000000001,0.38,0.26,-0.12,0.338,0.338,0.0,27
point_mutation,410,410,1,0.06737499999999999,0.255,0.234,-0.02099999999999999,0.17,0.2,0.03,0.138,0.173,0.034999999999999976,0.084,0.027,-0.05700000000000001,0.326,0.114,-0.21200000000000002,0.203,0.089,-0.11400000000000002,0.38,0.42,0.03999999999999998,0.338,0.368,0.02999999999999997,27
shuffle,495,495,495,0.09912499999999999,0.374,0.205,-0.169,0.333,0.17,-0.163,0.124,0.165,0.04100000000000001,0.147,0.136,-0.010999999999999982,0.263,0.275,0.01200000000000001,0.101,0.177,0.07599999999999998,0.484,0.266,-0.21799999999999997,0.375,0.272,-0.10299999999999998,28
shuffle_blocks,495,495,495,0.12225,0.374,0.2,-0.174,0.333,0.141,-0.19200000000000003,0.124,0.153,0.028999999999999998,0.147,0.122,-0.024999999999999994,0.263,0.288,0.024999999999999967,0.101,0.127,0.025999999999999995,0.484,0.264,-0.21999999999999997,0.375,0.088,-0.28700000000000003,28
reverse,495,495,495,0.191125,0.374,0.291,-0.08300000000000002,0.333,0.43,0.09699999999999998,0.124,0.32,0.196,0.147,0.398,0.251,0.263,0.348,0.08499999999999996,0.101,0.582,0.481,0.484,0.214,-0.27,0.375,0.309,-0.066,28
knockout_polyA,495,417,78,0.12225,0.374,0.2,-0.174,0.333,0.141,-0.19200000000000003,0.124,0.153,0.028999999999999998,0.147,0.122,-0.024999999999999994,0.263,0.288,0.024999999999999967,0.101,0.127,0.025999999999999995,0.484,0.264,-0.21999999999999997,0.375,0.088,-0.28700000000000003,28
scattered_control_polyA,495,417,78,0.191125,0.374,0.291,-0.08300000000000002,0.333,0.43,0.09699999999999998,0.124,0.32,0.196,0.147,0.398,0.251,0.263,0.348,0.08499999999999996,0.101,0.582,0.481,0.484,0.214,-0.27,0.375,0.309,-0.066,28
block_control_polyA,495,417,78,0.12225,0.374,0.2,-0.174,0.333,0.141,-0.19200000000000003,0.124,0.153,0.028999999999999998,0.147,0.122,-0.024999999999999994,0.263,0.288,0.024999999999999967,0.101,0.127,0.025999999999999995,0.484,0.264,-0.21999999999999997,0.375,0.088,-0.28700000000000003,28
substitute_polyA,495,495,78,0.12225,0.374,0.2,-0.174,0.333,0.141,-0.19200000000000003,0.124,0.153,0.028999999999999998,0.147,0.122,-0.024999999999999994,0.263,0.288,0.024999999999999967,0.101,0.127,0.025999999999999995,0.484,0.264,-0.21999999999999997,0.375,0.088,-0.28700000000000003,28
knockout_GGX,495,324,171,0.12225,0.374,0.2,-0.174,0.333,0.141,-0.19200000000000003,0.124,0.153,0.028999999999999998,0.147,0.122,-0.024999999999999994,0.263,0.288,0.024999999999999967,0.101,0.127,0.025999999999999995,0.484,0.264,-0.21999999999999997,0.375,0.088,-0.28700000000000003,28
scattered_control_GGX,495,324,171,0.191125,0.374,0.291,-0.08300000000000002,0.333,0.43,0.09699999999999998,0.124,0.32,0.196,0.147,0.398,0.251,0.263,0.348,0.08499999999999996,0.101,0.582,0.481,0.484,0.214,-0.27,0.375,0.309,-0.066,28
block_control_GGX,495,324,171,0.12225,0.374,0.2,-0.174,0.333,0.141,-0.19200000000000003,0.124,0.153,0.028999999999999998,0.147,0.122,-0.024999999999999994,0.263,0.288,0.024999999999999967,0.101,0.127,0.025999999999999995,0.484,0.264,-0.21999999999999997,0.375,0.088,-0.28700000000000003,28
substitute_GGX,495,495,171,0.122875,0.374,0.203,-0.17099999999999999,0.333,0.119,-0.21400000000000002,0.124,0.162,0.038000000000000006,0.147,0.052,-0.095,0.263,0.199,-0.064,0.101,0.013,-0.08800000000000001,0.484,0.281,-0.20299999999999996,0.375,0.265,-0.10999999999999999,28
termini_only,495,230,265,0.12225,0.374,0.2,-0.174,0.333,0.141,-0.19200000000000003,0.124,0.153,0.028999999999999998,0.147,0.122,-0.024999999999999994,0.263,0.288,0.024999999999999967,0.101,0.127,0.025999999999999995,0.484,0.264,-0.21999999999999997,0.375,0.088,-0.28700000000000003,28
core_only,495,265,230,0.10112499999999999,0.374,0.262,-0.11199999999999999,0.333,0.133,-0.2,0.124,0.213,0.089,0.147,0.119,-0.027999999999999997,0.263,0.234,-0.028999999999999998,0.101,0.076,-0.02500000000000001,0.484,0.268,-0.21599999999999997,0.375,0.265,-0.10999999999999999,28
random_matched,495,495,495,0.121125,0.374,0.27,-0.10399999999999998,0.333,0.178,-0.15500000000000003,0.124,0.326,0.202,0.147,0.336,0.18900000000000003,0.263,0.301,0.03799999999999998,0.101,0.127,0.025999999999999995,0.484,0.266,-0.21799999999999997,0.375,0.338,-0.03699999999999998,28
point_mutation,495,495,1,0.0,0.374,0.374,0.0,0.333,0.333,0.0,0.124,0.124,0.0,0.147,0.147,0.0,0.263,0.263,0.0,0.101,0.101,0.0,0.484,0.484,0.0,0.375,0.375,0.0,28
shuffle,255,255,255,0.183,0.164,0.361,0.19699999999999998,0.215,0.511,0.29600000000000004,0.153,0.342,0.18900000000000003,0.051,0.166,0.11500000000000002,0.209,0.443,0.234,0.127,0.304,0.177,0.266,0.262,-0.0040000000000000036,0.152,0.404,0.252,29
shuffle_blocks,255,255,255,0.125625,0.164,0.369,0.205,0.215,0.348,0.13299999999999998,0.153,0.225,0.07200000000000001,0.051,0.151,0.1,0.209,0.272,0.06300000000000003,0.127,0.215,0.088,0.266,0.453,0.187,0.152,0.309,0.157,29
reverse,255,255,255,0.06812499999999999,0.164,0.361,0.19699999999999998,0.215,0.244,0.028999999999999998,0.153,0.248,0.095,0.051,0.15,0.099,0.209,0.196,-0.012999999999999984,0.127,0.203,0.07600000000000001,0.266,0.285,0.01899999999999996,0.152,0.169,0.017000000000000015,29
knockout_polyA,255,245,10,0.06237500000000001,0.164,0.262,0.098,0.215,0.133,-0.08199999999999999,0.153,0.213,0.06,0.051,0.119,0.068,0.209,0.234,0.025000000000000022,0.127,0.076,-0.051000000000000004,0.266,0.268,0.0020000000000000018,0.152,0.265,0.11300000000000002,29
scattered_control_polyA,255,245,10,0.06237500000000001,0.164,0.262,0.098,0.215,0.133,-0.08199999999999999,0.153,0.213,0.06,0.051,0.119,0.068,0.209,0.234,0.025000000000000022,0.127,0.076,-0.051000000000000004,0.266,0.268,0.0020000000000000018,0.152,0.265,0.11300000000000002,29
block_control_polyA,255,245,10,0.03175,0.164,0.164,0.0,0.215,0.215,0.0,0.153,0.153,0.0,0.051,0.051,0.0,0.209,0.209,0.0,0.127,0.127,0.0,0.266,0.235,-0.031000000000000028,0.152,0.375,0.223,29
substitute_polyA,255,255,10,0.03175,0.164,0.164,0.0,0.215,0.215,0.0,0.153,0.153,0.0,0.051,0.051,0.0,0.209,0.209,0.0,0.127,0.127,0.0,0.266,0.235,-0.031000000000000028,0.152,0.375,0.223,29
knockout_GGX,255,240,15,0.06237500000000001,0.164,0.262,0.098,0.215,0.133,-0.08199999999999999,0.153,0.213,0.06,0.051,0.119,0.068,0.209,0.234,0.025000000000000022,0.127,0.076,-0.051000000000000004,0.266,0.268,0.0020000000000000018,0.152,0.265,0.11300000000000002,29
scattered_control_GGX,255,240,15,0.22387500000000002,0.164,0.613,0.44899999999999995,0.215,0.43,0.215,0.153,0.339,0.18600000000000003,0.051,0.237,0.186,0.209,0.44,0.231,0.127,0.152,0.024999999999999994,0.266,0.468,0.202,0.152,0.449,0.29700000000000004,29
block_control_GGX,255,240,15,0.03175,0.164,0.164,0.0,0.215,0.215,0.0,0.153,0.153,0.0,0.051,0.051,0.0,0.209,0.209,0.0,0.127,0.127,0.0,0.266,0.235,-0.031000000000000028,0.152,0.375,0.223,29
substitute_GGX,255,255,15,0.06237500000000001,0.164,0.262,0.098,0.215,0.133,-0.08199999999999999,0.153,0.213,0.06,0.051,0.119,0.068,0.209,0.234,0.025000000000000022,0.127,0.076,-0.051000000000000004,0.266,0.268,0.0020000000000000018,0.152,0.265,0.11300000000000002,29
knockout_GPGXX,255,235,20,0.06237500000000001,0.164,0.262,0.098,0.215,0.133,-0.08199999999999999,0.153,0.213,0.06,0.051,0.119,0.068,0.209,0.234,0.025000000000000022,0.127,0.076,-0.051000000000000004,0.266,0.268,0.0020000000000000018,0.152,0.265,0.11300000000000002,29
scattered_control_GPGXX,255,235,20,0.04075,0.164,0.2,0.036000000000000004,0.215,0.141,-0.07400000000000001,0.153,0.153,0.0,0.051,0.122,0.07100000000000001,0.209,0.288,0.07899999999999999,0.127,0.127,0.0,0.266,0.264,-0.0020000000000000018,0.152,0.088,-0.064,29
block_control_GPGXX,255,235,20,0.079625,0.164,0.262,0.098,0.215,0.133,-0.08199999999999999,0.153,0.202,0.049000000000000016,0.051,0.215,0.164,0.209,0.291,0.08199999999999999,0.127,0.152,0.024999999999999994,0.266,0.283,0.01699999999999996,0.152,0.272,0.12000000000000002,29
substitute_GPGXX,255,255,20,0.11062500000000001,0.164,0.27,0.10600000000000001,0.215,0.178,-0.037000000000000005,0.153,0.326,0.17300000000000001,0.051,0.336,0.28500000000000003,0.209,0.301,0.092,0.127,0.127,0.0,0.266,0.26,-0.006000000000000005,0.152,0.338,0.18600000000000003,29
termini_only,255,230,25,0.20787499999999998,0.164,0.626,0.46199999999999997,0.215,0.17,-0.044999999999999984,0.153,0.418,0.265,0.051,0.313,0.262,0.209,0.649,0.44000000000000006,0.127,0.177,0.04999999999999999,0.266,0.341,0.07500000000000001,0.152,0.088,-0.064,29
core_only,255,25,230,0.11037500000000001,0.164,0.27,0.10600000000000001,0.215,0.178,-0.037000000000000005,0.153,0.326,0.17300000000000001,0.051,0.336,0.28500000000000003,0.209,0.301,0.092,0.127,0.127,0.0,0.266,0.26,-0.006000000000000005,0.152,0.336,0.18400000000000002,29
random_matched,255,255,255,0.11062500000000001,0.164,0.27,0.10600000000000001,0.215,0.178,-0.037000000000000005,0.153,0.326,0.17300000000000001,0.051,0.336,0.28500000000000003,0.209,0.301,0.092,0.127,0.127,0.0,0.266,0.26,-0.006000000000000005,0.152,0.338,0.18600000000000003,29
point_mutation,255,255,1,0.03175,0.164,0.164,0.0,0.215,0.215,0.0,0.153,0.153,0.0,0.051,0.051,0.0,0.209,0.209,0.0,0.127,0.127,0.0,0.266,0.235,-0.031000000000000028,0.152,0.375,0.223,29
